class_code,zip,location_end_date,address,longitude,pbc_code,business_end_date,ownership_name,latitude,business_name,location_start_date
7,94117,,711 SCOTT ST,-122.436443065,7389,,15FIVE INC,37.776563214,15FIVE INC,05/11/2011
7,94103,,901 MISSION ST,-122.406860534,7389,,15FIVE INC,37.782397217,15FIVE INC,01/01/2013
,94103,,1087 MISSION ST,-122.410540902,,,3SCAN INC,37.779457636,3SCAN INC,04/01/2012
7,94107,,475 BRANNAN ST 430,-122.395670725,7389,,3VR SECURITY INC,37.778997986,3VR SECURITY INC,11/18/2006
7,94107,,1155 INDIANA ST,-122.390934847,7389,,6SENSORLABS INC,37.755673497,6SENSORLABS INC,04/01/2014
,94110,,2121 HARRISON ST,-122.412875439,,,6SENSORLABS INC,37.763414248,6SENSORLABS INC,10/01/2014
7,94103,,717 MARKET ST 650,-122.404004288,7389,,ACT BIOTECH INC,37.78718725,ACT BIOTECH INC,07/01/2008
7,94111,,731 SANSOME ST 301,-122.402003666,7389,,ACUPERA INC,37.797163708,ACUPERA INC,02/13/2012
7,94105,,150 MINNA ST,-122.40068776,7370,,ADDVOCATE INC.,37.78651432,ADDVOCATE INC.,07/01/2013
7,94109,11/05/2014,1244 SUTTER ST,-122.4209829,7389,,ADDY INC,37.787678124,ADDY INC,11/01/2012
,94105,03/19/2015,543 HOWARD ST,-122.396901362,,,ADDY INC,37.787826769,ADDY INC,09/16/2014
7,94105,03/05/2014,580 HOWARD ST 304,-122.397858908,7370,03/05/2014,ADITIVE INC,37.787143466,ADITIVE INC,05/11/2011
,94102,,25 TAYLOR ST,-122.410674341,,,ADJUST INC,37.782480963,ADJUST INC,01/27/2014
7,94105,,560 MISSION ST 1301,-122.399241869,7389,,ADRISE INC,37.788490277,ADRISE INC,12/13/2013
7,94105,,1 MARKET STEAURT TOWER 500,-122.39493096,7389,,ADSTAGE INC,37.794347532,ADSTAGE INC,07/09/2012
7,94111,,130 BATTERY ST 6TH FL,-122.399815483,7389,,BEYOND CAPITAL LLC,37.792658286,AFAR MEDIA,05/27/2013
,94102,,83 MCALLISTER ST #309,-122.413406647,,,BONIN KELLY,37.780933819,AIRBNB RENTAL,04/12/2015
,94103,,888 BRANNAN ST FOURTH FLOOR,-122.404997294,,,AIRBNB INC,37.771674082,AIRBNB INC,01/01/2012
7,94103,,888 BRANNAN ST 4TH FL,-122.404997294,7389,,AIRBNB PAYMENTS INC,37.771674082,AIRBNB PAYMENTS INC,02/16/2014
7,94111,01/31/2015,8 CALIFORNIA ST 500,-122.396452699,7389,,AIRSTONE LABS INC,37.79367941,AIRSTONE LABS,09/01/2013
7,94111,01/31/2015,8 CALIFORNIA ST 500,-122.396452699,7389,,AIRSTONE LABS INC,37.79367941,AIRSTONE LABS INC,09/01/2013
7,94107,,2265 3RD ST,-122.388471747,8200,,ALTSCHOOL INC,37.760963621,ALTSCHOOL INC,05/01/2013
,94105,,161 NATOMA ST,-122.40008166,,,AMERICAN GIANT INC,37.786176701,AMERICAN GIANT INC,10/17/2013
,94103,,45 JUNIPER ST #3,-122.412430664,,,AMPHIVENA THERAPEUTICS INC,37.771603793,AMPHIVENA THERAPEUTICS INC,02/16/2014
7,94123,,2123 BAY STREET,-122.44202587,7389,,AMPLIFY HEALTH INC,37.801953744,AMPLIFY HEALTH INC,09/01/2011
7,94103,,25 DIVISION ST 205,-122.402548695,7389,,AMPLIFY HEALTH INC,37.769843107,AMPLIFY HEALTH LLC,09/01/2012
7,94108,,240 STOCKTON ST 5TH FL,-122.406665798,7389,,ANAPLAN INC,37.788157474,ANAPLAN INC,09/01/2010
7,94107,,153 TOWNSEND ST 9059,-122.391701114,7398,,ANGELLIST LLC,37.779667461,ANGELLIST LLC,07/01/2010
7,94105,,55 SECOND ST,-122.400421583,7389,,ANKI INC,37.788523899,ANKI INC,10/01/2013
7,94102,,442 POST ST 800,-122.409113139,7389,,ANYPERK INC,37.788217687,ANYPERK INC,02/07/2014
7,94103,,325 9TH ST,-122.411151631,7389,,APIARY INC,37.773443987,APIARY.IO,08/10/2013
7,94108,,23 GEARY BLVD 800,-122.403906092,7389,,APP ANNIE INC,37.787870527,APP ANNIE INC,02/26/2014
7,94108,,650 CALIFORNIA ST 4TH FL,-122.405143634,7389,,APPDIRECT INC,37.792587997,APPDIRECT INC,02/23/2012
7,94107,,303 SECOND ST 450,-122.396350571,7389,,APPDYNAMICS INC,37.785294053,APPDYNAMICS INC,07/01/2011
7,94102,,760 MARKET ST 11TH FL,-122.405258763,7389,,APPIRIO INC,37.786253785,APPIRIO INC,05/28/2012
7,94107,,640 2ND ST 100,-122.391437242,7389,,APPLOVIN CORPORATION,37.781317529,APPLOVIN CORPORATION,10/16/2013
7,94107,,274 BRANNAN ST 401,-122.391477572,7389,,APPMESH INC,37.782333841,APPMESH INC,05/21/2012
7,94104,12/15/2014,1 MONTGOMERY ST 2800,-122.402084326,7389,,APPORTABLE INC,37.789325887,APPORTABLE INC,05/24/2011
7,94107,12/15/2014,371 5TH ST 203,-122.402241036,7389,,APPORTABLE INC,37.779384,APPORTABLE INC,01/16/2013
,94107,,657 BRYANT ST,-122.399550458,,,APPORTABLE INC,37.778346946,APPORTABLE INC,12/15/2014
7,94103,,945 BRYANT ST 350,-122.405640267,7389,,APPREDEEM INC,37.773547693,APPREDEEM INC,09/17/2012
7,94105,05/31/2015,160 SPEAR ST,-122.39318871,7389,,APPTHORITY INC,37.791797532,APPTHORITY INC,12/01/2012
7,94105,,160 SPEAR ST 1650,-122.39318871,7398,,"STREETSMART TECHNOLOGY, LLC",37.791797532,APPTHORITY INC,12/01/2012
,94105,,535 MISSION ST 14TH FLR,-122.398370538,,,APPTHORITY INC,37.789097655,APPTHORITY INC,06/01/2015
7,94107,,480 2ND ST 100,-122.39404716,7389,,APSALAR INC,37.783367438,APSALAR INC,01/05/2011
,94104,03/31/2014,101 MONTGOMERY ST 27TH FL,-122.402165718,,03/31/2014,ARIA RETIREMENT SOLUTIONS INC,37.790106639,ARIA RETIREMENT SOLUTIONS INC,01/09/2012
7,94105,,575 MARKET ST 10,-122.400660105,7389,,ARIA SYSTEMS INC,37.789828282,ARIA SYSTEMS INC,09/16/2013
,94133,,240 BAY ST #3252,-122.410812861,,,KAMLANI ARI,37.806007471,ARK CONSULTANTS,05/01/2015
2,94121,12/30/2014,287 20TH AVE,-122.479584496,414,12/30/2014,SIMONYAN ARMEN,37.782567755,ARK FLOORING,05/11/2011
2,94121,,5758 GEARY BLVD 234,-122.481350944,1510,,ARK HARDWOOD FLOORING INC,37.780327719,ARK HARDWOOD FLOORING INC,06/15/2014
7,94104,,100 MONTGOMERY ST 1100,-122.402135026,7389,,ARUSPEX INC,37.79028689,ARUSPEX INC,10/29/2008
7,94105,,71 STEVENSON ST 400,-122.400110467,7389,,ARUSPEX INC,37.789347781,ARUSPEX INC,06/02/2012
7,94103,,1550 BRYANT ST 100,-122.410704546,7370,,ASANA INC,37.76757772,ASANA INC,06/27/2011
7,94104,,340 PINE ST 403,-122.401613043,7389,,ASCENDIFY INC,37.792047577,ASCENDIFY INC,08/01/2013
7,94103,,3030 16TH ST A,-122.420291531,7389,,ASSEMBLY MADE INC,37.765038091,ASSEMBLY MADE,12/19/2013
7,94107,,953 INDIANA ST 138,-122.391244811,7389,,ASSEMBLY PHARMACEUTICALS INC,37.758744328,ASSEMBLY PHARMACEUTICALS INC,10/01/2013
8,94118,,4927 CALIFORNIA ST 3,-122.470428465,5495,,ATTUNE FOODS LLC,37.784523177,ATTUNE FOODS LLC,01/01/2014
,94104,11/01/2013,101 MONTGOMERY STREET SUITE 2650,-122.402165718,,,AUDENTES THERAPEUTICS INC,37.790106639,AUDENTES THERAPEUTICS INC,06/05/2013
,94104,,101 MONTGOMERY STREET SUITE 2650,-122.402165718,,,AUDENTES THERAPEUTICS INC,37.790106639,AUDENTES THERAPEUTICS INC,06/05/2013
7,94115,,3045 JACKSON ST 502,-122.445195798,7389,,AUDENTES THERAPEUTICS INC,37.791083117,AUDENTES THERAPEUTICS INC,06/05/2013
,94103,,1161 MISSION ST 210,-122.412231319,,,AUGMEDIX INC,37.778147602,AUGMEDIX INC,06/01/2013
,94107,,132 HAWTHORNE ST,-122.397198651,,,AUTOMATTIC INC,37.784127944,AUTOMATTIC INC,05/15/2015
7,94110,05/14/2015,60 29TH ST 343,-122.421382742,7389,,AUTOMATTIC INC,37.744058496,AUTOMATTIC INC,01/01/2010
,94109,,1825 BUSH ST,-122.427324858,,,AYLA LLC,37.787775584,AYLA LLC,07/15/2013
7,94115,07/14/2013,2130 FILLMORE ST 173,-122.433845822,7398,,AYLA LLC,37.789187614,AYLA LLC,02/14/2011
7,94107,,700 ILLINOIS ST 204,-122.387784508,7880,,HARRIS TERESA,37.762367102,AYLA HEALING ARTS,07/15/2013
7,94105,,171 2ND ST FL 3,-122.398711597,7389,,BACKOPS INC,37.787194166,BACKOPS INC,10/31/2012
,94129,,220 HALLECK ST 100,-122.45455351,,,BALANCED LABS INC,37.802368395,BALANCED LABS INC,06/05/2014
7,94121,,5954 CALIFORNIA ST,-122.481610208,7880,,BROWN PHILIP JAMES,37.784057655,BALANCED LIVING CENTER,10/16/2013
7,94107,,334 BRANNAN ST,-122.392837264,7389,,BANDPAGE INC,37.781254153,BANDPAGE INC,07/12/2012
7,94111,,639 FRONT ST 4TH FL,-122.399603463,7389,,BANYAN WATER INC,37.797434495,BANYAN WATER INC,01/25/2011
7,94105,,595 MARKET ST 920,-122.401110648,7389,,BAY DYNAMICS INC,37.789437659,BAY DYNAMICS INC,01/01/2011
8,94112,,1051 OCEAN AVE,-122.453865566,3079,,WONG SAMANTHA YEN,37.723413063,BEEP'S BURGERS,05/21/2014
,94110,,2519 MISSION ST,-122.418845417,,,BEEP INC,37.7566345,BEEP INC,09/30/2014
7,94107,,953 INDIANA ST,-122.391244811,7389,,BELL BIOSYSTEMS INC,37.758744328,BELL BIOSYSTEMS INC,11/01/2013
7,94111,,321 PACIFIC AVE 3RD FLOOR,-122.401170785,7389,,BESPOKE INNOVATIONS INC,37.797612069,BESPOKE INNOVATIONS INC,11/15/2010
7,94104,,417 MONTGOMERY ST 500,-122.402833309,7389,,BILLFLOAT INC,37.793444143,BETTER FINANCE INC,02/07/2014
7,94105,07/31/2014,165 JESSIE ST 2ND FL,-122.401841194,7389,,BETTERDOCTOR INC,37.787197623,BETTERDOCTOR INC,08/01/2012
7,94107,07/31/2014,665 3RD ST 150,-122.393291263,7389,,BETTERDOCTOR INC,37.779324081,BETTERDOCTOR INC,01/01/2012
,94103,,945 BRYANT  ROOM 350,-122.405640267,,,BETTERDOCTOR INC,37.773547693,BETTERDOCTOR INC,01/01/2012
7,94107,,139 TOWNSEND ST 400,-122.391470658,7389,,BIONIC PANDA GAMES INC,37.779847217,BIONIC PANDA GAMES INC,09/01/2011
7,94107,,665 3RD ST,-122.393291263,7389,,BIONIC PANDA GAMES INC,37.779324081,BIONIC PANDA GAMES INC,01/04/2011
7,94107,,85 FEDERAL ST 2ND FL,-122.392670183,7389,,BIONIC PANDA GAMES INC,37.782967596,BIONIC PANDA GAMES INC,05/01/2012
,94104,,580 CALIFORNIA ST 1200,-122.404082753,,,BIRDI & ASSOCIATES INC,37.792748065,BIRDI & ASSOCIATES INC,09/01/2014
7,94108,10/26/2014,153 KEARNY ST 300,-122.403812749,7389,,BIRST INC,37.789494121,BIRST INC,04/18/2009
,94105,,45 FREMONT ST FLOOR 18,-122.397341383,,,BIRST INC,37.790984632,BIRST INC,10/27/2014
,94107,,164 TOWNSEND ST #11,-122.39194852,,,BITNET TECHNOLOGIES CORP,37.779543884,BITNET TECHNOLOGIES CORP,08/15/2014
7,94107,,303 2ND ST S200,-122.396350571,7370,,BITTORRENT,37.785294053,BITTORRENT INC,05/01/2011
7,94108,,153 KEARNY ST 2ND FL,-122.403812749,7389,,BLEACHER REPORT INC,37.789494121,BLEACHER REPORT INC,07/01/2011
,94104,,100 BUSH ST 1100,-122.399832767,,,BLUEBOX SECURITY INC,37.791348142,BLUEBOX SECURITY INC,09/01/2014
7,94105,,680 MISSION ST 31F,-122.40163724,7389,,BLUEBOX SECURITY INC,37.786584609,BLUEBOX SECURITY INC,09/06/2012
,94110,,517 YORK ST,-122.409184686,,,BLUENOSE ANALYTICS INC,37.76269435,BLUENOSE ANALYTICS INC,03/31/2014
7,94114,03/31/2014,859 ELIZABETH ST,-122.439818098,7389,,BLUENOSE ANALYTICS INC,37.751732693,BLUENOSE ANALYTICS INC,11/26/2012
,94105,,88 1st ST 500,-122.397766726,,,BLUESHIFT LABS INC,37.789897419,BLUESHIFT LABS INC,06/01/2014
7,94104,,580 CALIFORNIA ST 300,-122.404083535,7389,,BLURB INC,37.792748164,BLURB INC,02/13/2006
,94107,,1501 MARIPOSA ST #412,-122.398928226,,,BOOMBOTIX INC,37.763693378,BOOMBOTIX INC,06/20/2012
13,94110,08/31/2014,3224 23RD ST B,-122.416959601,3998,,BOOMBOTIX INC,37.753963424,BOOMBOTIX INC,06/20/2012
,94107,,560 19TH ST,-122.388231594,,,BOOMBOTIX INC,37.761827834,BOOMBOTIX INC,09/01/2014
7,94110,05/18/2014,109 BARTLETT ST 109,-122.419784527,7310,,BOOSTABLE INC,37.755004021,BOOSTABLE INC,01/13/2014
,94105,,95 MINNA ST,-122.399111809,,,BOOSTABLE INC,37.787687375,BOOSTABLE INC,05/18/2014
7,94107,,139 TOWNSEND ST 300,-122.391470658,7389,,BOOYAH INC,37.779847217,BOOYAH INC,06/15/2010
,94107,,1 BLUXOME ST 213,-122.395940428,,,BOP FM INC,37.777557838,BOP FM INC,01/01/2015
7,94107,12/31/2014,414 BRANNAN ST,-122.394727006,7389,,BOP FM INC,37.779813801,BOP FM INC,10/21/2013
7,94111,,230 CALIFORNIA ST 302,-122.399293499,7389,,BOXBE INC,37.793357722,BOXBE INC,01/02/2007
7,94104,,100 MONTGOMERY ST 1900,-122.402135026,7389,,BREAKTIME STUDIOS INC,37.79028689,BREAKTIME STUDIOS INC,11/10/2011
,94124,,5800 3RD ST #1207,-122.394679763,,,WEBB NICHOLAS,37.724884527,BREEZE TELECOM,04/10/2015
,94103,,650 TOWNSEND ST 225,-122.402708251,,,ZEPHYR WAY INC,37.771015004,BREEZE LABS INC,05/11/2015
,94107,,333 BRYANT ST 360,-122.392281859,,,BREEZEWORKS CORPORATION,37.784047455,BREEZEWORKS CORPORATION,07/01/2013
,94108,,47 KEARNY ST 804,-122.403632862,,,BRIGHTFUNNEL INC,37.788544033,BRIGHTFUNNEL INC,05/15/2013
7,94107,01/01/2015,675 2ND ST,-122.390802998,7389,,BRIGHTFUNNEL INC,37.780889564,BRIGHTFUNNEL INC,05/15/2013
7,94105,,501 FOLSOM ST 2ND FL,-122.394631367,7389,,BRIGHTTALK INC,37.787157293,BRIGHTTALK INC,09/28/2010
7,94107,,300 3RD ST 902,-122.39866781,7389,,BUFFER INC,37.783517235,BUFFER INC,04/01/2013
,94111,,921 FRONT ST 100,-122.400123142,,,BUGCROWD INC,37.799902682,BUGCROWD INC,03/07/2014
,94107,,645 HARRISON ST STE 200,-122.395971471,,,CALM.COM INC,37.783657813,CALM.COM INC,05/12/2012
7,94107,,665 3RD ST 425,-122.393291263,7389,,CAMBRIAN GENOMICS INC,37.779324081,CAMBRIAN GENOMICS INC,09/13/2011
7,94105,,612 HOWARD ST 600,-122.39869777,7389,,CANTALOUPE SYSTEMS INC,37.786484361,CANTALOUPE SYSTEMS INC,04/19/2010
7,94158,,409 ILLINOIS ST,-122.388055295,8071,,CARMOT THERAPEUTICS INC,37.7661535,CARMOT THERAPEUTICS INC,01/04/2010
7,94104,03/10/2014,180 SANSOME ST 1400,-122.400785704,7389,03/10/2014,CAUSTIC GRAPHICS INC,37.791886258,CAUSTIC GRAPHICS INC,05/21/2011
7,94105,,530 HOWARD ST #300,-122.396897905,7389,,CELLSCOPE INC,37.787914342,CELLSCOPE INC,08/15/2013
8,94117,,635 LYON ST,-122.44325305,5884,,THOMAS LAETITIA M,37.776703792,CHACHA CHERIE,07/01/2006
7,94107,,101 MISSISSIPPI ST,-122.394794991,7389,,CHANNEL MEDSYSTEMS INC,37.765023112,CHANNEL MEDSYSTEMS INC,12/23/2009
7,94107,07/10/2014,303 2ND ST 200,-122.396350571,7389,,CHARTBOOST INC,37.785294053,CHARTBOOST INC,12/17/2012
,94102,,420 TAYLOR ST,-122.411335996,,,CHARTBOOST INC,37.78627695,CHARTBOOST INC,07/11/2014
,94110,,2505 MARIPOSA ST 2,-122.408698423,,,CHECKR INC,37.763082669,CHECKR INC,03/27/2015
,94103,03/27/2015,550 15TH ST,-122.406201429,,,CHECKR INC,37.767207838,CHECKR INC,10/27/2014
,94107,01/02/2014,330 TOWNSEND ST 102,-122.395818217,,,CHOOSE ENERGY INC,37.776494077,CHOOSE ENERGY INC,10/01/2012
7,94107,,330 TOWNSEND ST 212,-122.395818217,7389,,CHOOSE ENERGY INC,37.776494077,CHOOSE ENERGY INC,01/01/2014
7,94105,,480 SECOND ST 302,-122.393855864,7370,,CHUTE CORPORATION,37.783223617,CHUTE CORPORATION,05/01/2012
7,94103,,1069 HOWARD ST,-122.408681139,7398,,THE IDEA STONE LLC,37.778487525,CIRCA PROPS,06/01/2013
7,94103,,1475 FOLSOM ST 200,-122.413670519,7389,,CIRCA 1605 INC,37.77210734,CIRCA 1605 INC,02/01/2012
,94108,,360 POST ST #602,-122.407602603,,,CIRCA INC,37.788417889,CIRCA INC,07/30/2015
7,94102,,1 HALLIDINE PLAZA 503,-122.417637396,7389,,CIRCLEUP NETWORK INC,37.780459111,CIRCLEUP NETWORK INC,10/27/2011
13,94104,,582 MARKET ST 1603,-122.401418374,5060,,CIVICSOLAR INC,37.789263159,CIVICSOLAR INC,01/01/2010
,94107,,542 BRANNAN ST #114,-122.397618081,,,CLAY.IO LLC,37.777513847,CLAY.IO LLC,07/01/2014
1,94105,,201 MISSION ST 1100,-122.395090763,5102,,CLEAN POWER FINANCE INC,37.791717745,CLEAN POWER FINANCE INC,04/30/2013
7,94107,06/30/2014,303 2ND ST 680,-122.396350571,7389,,CLINKLE CORP,37.785294053,CLINKLE CORP,06/30/2013
,94107,,568 BRANNAN ST,-122.397897789,,,CLINKLE CORP,37.777292639,CLINKLE CORP,07/01/2014
,94111,,710 SANSOME ST,-122.401895352,,,HALABOO INC,37.796996628,CLOUD ENGINES INC,08/01/2014
7,94107,,665 3RD ST 207,-122.393291263,7389,,CLOUDFLARE INC,37.779324081,CLOUDFLARE INC,02/01/2011
7,94107,,128 KING ST 2ND FL,-122.390528091,7389,,CLOUDMARK INC,37.77934367,CLOUDMARK INC,11/24/2003
7,94107,,153 TOWNSEND ST 650,-122.391701114,7370,,CLOUDPASSAGE INC,37.779667461,CLOUDPASSAGE INC,01/30/2013
8,94111,,201 CALIFORNIA ST 1350,-122.399065347,5495,,CLOUDWORDS INC,37.793333524,CLOUDWORDS INC,02/08/2014
,94104,02/07/2014,400 MONTGOMERY ST 1200,-122.402705406,,,CLOUDWORDS INC,37.793116895,CLOUDWORDS INC,12/01/2010
7,94110,07/23/2013,2601 MISSIN ST 602,-122.41868525,7398,07/23/2013,CLUSTER LABS LLC,37.755233325,CLUSTER LABS LLC,01/08/2013
7,94110,09/14/2014,2601 MISSION ST 602,-122.41868525,7389,,CLUSTER LABS INC,37.755233325,CLUSTER LABS INC,05/02/2013
,94104,09/30/2014,582 MARKET ST 200,-122.401418307,,,CLUSTER LABS INC,37.789263664,CLUSTER LABS INC,09/15/2014
,94103,,1328 MISSION ST #8,-122.415118938,,,CODEHS INC,37.775943286,CODEHS INC,03/15/2014
7,94103,,30 CLARENDON AVE,-122.449410677,7389,,CODENVY INC,37.758954072,CODENVY INC,08/01/2013
,94107,,325 9TH ST,-122.41127428,,,CODENVY INC,37.77354868,CODENVY INC,06/01/2015
,94110,,535 GATES ST,-122.4141153,,,CODENVY INC,37.736587101,CODENVY INC,07/01/2015
7,94105,12/31/2014,1 MARKET ST STEUART TOWER,-122.39493096,7389,,COFFEE MEETS BAGEL INC,37.794347532,COFFEE MEETS BAGEL INC,09/01/2013
,94105,,560 MISSION ST 1367,-122.399241869,,,COFFEE MEETS BAGEL INC,37.788490277,COFFEE MEETS BAGEL INC,01/01/2014
,94107,01/31/2014,185 BERRY ST 1510,-122.393150685,,,COIN INC,37.775886825,COIN INC,06/01/2012
8,94107,12/24/2014,370 TOWNSEND ST A,-122.39659716,5495,,COIN INC,37.775883368,COIN INC,02/01/2014
,94107,,501 2ND ST #350,-122.393300482,,,COIN INC,37.782853521,COIN INC,12/25/2014
7,94107,,188 SHIPLEY ST,-122.402569352,7389,,COLINGO INC,37.780070555,COLINGO INC,05/27/2011
7,94102,,385 GROVE ST,-122.422795439,7389,,COLLUSION US INC,37.77782381,COLLUSION US INC,02/17/2014
7,94103,,972 MISSION ST FLOOR 5,-122.408117673,7389,,COMMITCHANGE CORPORATION,37.781474239,COMMITCHANGE CORPORATION,02/01/2014
,94107,,795 FOLSOM ST,-122.400846961,,,CONNECT 51 LLC,37.782250134,CONNECT 51 LLC,02/19/2015
7,94103,,731 MARKET ST 600,-122.404250616,7389,,CONNECTSOLUTIONS INC,37.786997126,CONNECTSOLUTIONS INC,12/18/2012
7,94105,,55 NEW MONTGOMERY ST 888,-122.401101553,7389,,COTAP INC,37.788007187,COTAP INC,07/01/2013
7,94103,,340 KANSAS ST,-122.403623774,7389,,COUCHSURFING INTERNATIONAL,37.76555777,COUCHSURFING INTERNATIONAL,08/22/2011
7,94105,,143 2ND ST 200,-122.39905152,7389,,COVERHOUND INC,37.78745343,COVERHOUND INC,06/04/2012
8,94103,,1000 BRANNAN ST 100,-122.407327208,5495,,COVEROO INC,37.769833888,COVEROO INC,09/21/2012
8,94103,,1234 FOLSOM ST,-122.410737962,5495,,CRAVE INNOVATIONS INC,37.774493716,CRAVE INNOVATIONS,01/01/2012
7,94104,10/06/2014,115 SANSOME ST 400,-122.4007834,7389,,CREDIT KARMA INC,37.791464523,CREDIT KARMA INC,05/01/2012
,94102,,760 MARKET ST 10TH FL,-122.405258862,,,CREDIT KARMA INSURANCE SERVICES LLC,37.786253904,CREDIT KARMA INSURANCE SERVICES LLC,08/11/2014
,94102,,760 MARKET ST 10TH FL,-122.405258862,,,CREDIT KARMA INC,37.786253904,CREDIT KARMA INC,10/07/2014
7,94110,,2111 MISSION ST 302,-122.419439654,7389,,CROWDFLOWER INC,37.762972816,CROWDFLOWER INC,01/24/2011
7,94105,,301 MISSION ST 11H,-122.396040608,7389,,CROWDMOB INC,37.790957519,CROWDMOB INC,10/24/2010
7,94103,,2012 16TH ST,-122.407041442,7389,,CRUSHPATH SYSTEMS INC,37.765837775,CRUSHPATH SYSTEMS INC,10/01/2011
7,94105,,101 CALIFORNIA ST 41ST FL,-122.397699093,7389,,CURRICULET INC,37.793465185,CURRICULET INC,05/01/2014
8,94102,,291 GEARY BLVD 201,-122.407956354,5495,,CUYANA INC,37.787363552,CUYANA INC,08/01/2013
7,94102,,49 POWELL ST 2ND FL,-122.407781118,7389,,DABO HEALTH INC,37.785111068,DABO HEALTH INC,09/10/2012
,94105,,160 SPEAR ST #1300,-122.393188634,,,DATABRICKS INC,37.791797,DATABRICKS INC,01/03/2015
,94103,,1550 BRYANT ST STE 490,-122.410704546,,,DATAMEER INC,37.76757772,DATAMEER INC,06/01/2014
7,94105,,100 FIRST ST 360,-122.39717791,7389,,DATASIFT INC,37.789437659,DATASIFT INC,05/03/2011
7,94105,,100 FIRST ST 360,-122.39717791,7389,,DATASIFT SOLUTIONS INC,37.789437659,DATASIFT SOLUTIONS INC,12/07/2011
,94107,,836 HARRISON ST,-122.400587512,,,DATASNAP.IO INC,37.780084587,DATASNAP.IO INC,07/01/2014
7,94107,,360 RITCH ST LEVEL 3,-122.393948064,7389,,DEKKO INC,37.778917326,DEKKO INC,01/01/2012
,94103,,224 11th ST,-122.415188075,,,DELECTABLE INC,37.772777968,DELECTABLE INC,01/01/2014
8,94104,,300 CALIFORNIA ST 3RD FL.,-122.400322784,5495,,DELIVERY AGENT INC,37.793217769,DELIVERY AGENT INC,04/28/2008
7,94105,,301 HOWARD ST 1800,-122.39450101,7389,,DEMANDBASE INC,37.789707222,DEMANDBASE INC,01/01/2012
,94107,,360 RITCH ST 300,-122.393948064,,,DEPICT INC,37.778917326,DEPICT INC,06/01/2014
,94107,,360 RITCH ST 300,-122.393948064,,,DEPICT INC,37.778917326,DEPICT INC,06/01/2014
7,94103,,1061 MARKET ST 501,-122.411693039,7389,,DESMOS INC,37.781099614,DESMOS INC,05/07/2012
7,94123,,3661 BUCHANAN ST 3RD FL,-122.433512812,7389,,DIVIDEND SOLAR INC,37.803883816,DIVIDEND SOLAR INC,10/11/2013
,94110,,3360 20TH ST,-122.416131903,,,DIY CO,37.758838415,DIY CO,05/26/2014
7,94110,06/02/2014,3579 17TH ST,-122.425727996,7370,,DIY CO,37.76302275,DIY CO,12/01/2011
,94118,05/31/2015,427 8th AVE 2,-122.466413915,,05/31/2015,LEE THOMAS T,37.780297759,DIY LOBBYIST,11/01/2013
,94103,,650 TOWNSEND ST 245,-122.402708251,,,DOBLET INC,37.771015004,DOBLET INC,10/01/2014
,94104,12/14/2014,180 SANSOME ST FLOOR 16,-122.400785704,,,DOCKER INC,37.791886258,DOCKER INC,10/18/2010
,94107,,475 BRANNAN ST 330,-122.395670725,,,DOCKER INC,37.778997986,DOCKER INC,12/15/2014
7,94105,,121 SPEAR ST 300,-122.393170274,7389,,DOCTOR ON DEMAND INC,37.791863212,DOCTOR ON DEMAND INC,01/01/2013
8,94104,,111 SUTTER ST 10TH FL,-122.402556761,5495,,DOCUSIGN INC,37.789943511,DOCUSIGN INC,05/04/2010
7,94108,12/31/2014,27 MAIDEN LN 700,-122.403985591,7389,12/31/2014,DOGTIME MEDIA INC,37.788313032,DOGTIME MEDIA INC,06/25/2008
7,94111,,150 GREEN ST,-122.401869315,7389,,DOKOGEO INC,37.800437358,DOKOGEO INC,01/01/2012
7,94110,,2601 MISSION ST 800,-122.41868525,7389,,DOUBLEDUTCH INC,37.755233325,DOUBLEDUTCH INC,01/01/2011
,94105,05/07/2014,568 HOWARD ST,-122.397688371,,05/07/2014,DOUBLETWIST CORPORATION,37.787284044,DOUBLETWIST CORPORATION,07/01/2010
7,94124,,1101 FAIRFAX AVE 204,-122.383981871,7880,,TOGIAI EUGENIA F,37.739500517,DOWN LOW IND CONTR SRVCS WORKF,06/01/2014
8,94110,06/30/2014,629 GUERRERO ST 11,-122.423704589,612,06/30/2014,PARKER KAILEN,37.761044283,DOWN HOME SWEETS,09/16/2013
,94108,,899 PINE ST UNIT 904,-122.410255349,,,FORONDA CRISTIAN,37.790893722,DOWN THE RABBIT HOLE PUBLISHING,06/01/2015
7,94103,,1087 MISSION ST 3RD FL,-122.410540922,7389,,DRAWN TO SCALE INC,37.779457746,DRAWN TO SCALE INC,03/01/2012
7,94111,,639 FRONT ST 4TH FL,-122.399603463,7389,,DRIVERSIDE INC,37.797434495,DRIVERSIDE INC,01/03/2011
,94124,,1530 CUSTER AVE,-122.389768318,,,DROP LOCK AND ROLL LLC,37.745654817,DROP LOCK AND ROLL,07/21/2014
,94110,,3001 22ND ST,-122.414617695,,,LAUNDRY LOCKER INC,37.755673497,DROP N WASH,09/01/2014
7,94108,03/10/2015,16 MAIDEN LN 5TH FL,-122.404023616,7389,,DUETTO RESEARCH INC,37.788368341,DUETTO RESEARCH INC,02/24/2012
,94108,,250 SUTTER ST 400,-122.404732269,,,DUETTO RESEARCH INC,37.789747623,DUETTO RESEARCH INC,03/10/2015
7,94103,,1067 MARKET ST 2001,-122.411761188,7389,,DYNAMIGHTY INC,37.781047895,DYNAMIGHTY INC,05/16/2013
,94107,05/16/2014,480 2ND ST 201,-122.39404716,,,DYNAMIGHTY INC,37.783367438,DYNAMIGHTY INC,07/28/2011
,94110,,60 29th ST 513,-122.421382742,,,DYNAMIGHTY INC,37.744058496,DYNAMIGHTY INC,02/23/2015
7,94109,,1290 SUTTER ST 3RD FL,-122.421342412,7389,,EARNEST MANAGEMENT LLC,37.787627424,EARNEST MANAGEMENT,01/01/2014
,94110,,3001 19th ST,-122.411919051,,,EARNEST INC,37.760363284,EARNEST INC,05/12/2014
7,94133,05/11/2014,463 PACIFIC AVE,-122.403125989,7389,,EARNEST INC,37.797353835,EARNEST INC,09/23/2013
,94107,,188 KING ST #607,-122.391747655,,,EATWITH MEDIA INC,37.778394332,EATWITH MEDIA INC,01/01/2015
7,94109,,1203 UNION ST,-122.419195711,7370,,ECODOMUS INC,37.799153699,ECODOMUS INC,06/01/2011
7,94110,,151 BONVIEW ST,-122.417553709,7389,,EMBEE MOBILE INC,37.741853029,EMBEE MOBILE INC,04/01/2009
7,94102,,25 TAYLOR ST 5TH FL,-122.410674341,7389,,ENGAGOR INC,37.782480963,ENGAGOR INC,07/19/2013
,94107,,303 2ND ST #600,-122.396350691,,,ENTELO INC,37.785293396,ENTELO INC,12/22/2014
,94107,04/06/2015,444 TOWNSEND ST 3,-122.398217268,,,ENTELO INC,37.774604335,ENTELO INC,08/22/2012
,94123,,54 RICHARDSON AVE,-122.445293742,,,ENTELO INC,37.799154851,ENTELO INC,08/22/2012
7,94102,,207 POWELL ST 200,-122.408102694,7389,,ESTATE ASSIST INC,37.786644528,ESTATE ASSIST INC,04/15/2014
7,94103,,155 5TH ST 7TH FL,-122.405571131,7389,,EVENTBRITE INC,37.782074578,EVENTBRITE INC,04/28/2014
,94107,04/27/2014,651 BRANNAN ST STE 110,-122.400011371,,,EVENTBRITE INC,37.775576861,EVENTBRITE INC,07/01/2012
8,94104,12/31/2013,110 SUTTER ST 800,-122.40264203,5495,,EVERLANE INC,37.78998845,EVERLANE INC,04/21/2011
,94110,,2170 FOLSOM ST,-122.41507361,,,EVERLANE INC,37.762606542,EVERLANE INC,01/01/2014
7,94123,,1842 UNION ST,-122.429622714,7389,,EXILES INC,37.797862102,EXILES INC,01/01/2012
7,94114,,51 FEDERAL ST 305,-122.391746128,7389,,EXO PLATFORM SAS,37.783652731,EXO PLATFORM NA,07/27/2009
7,94102,,1 POLK ST 1907,-122.417865978,7389,,EXPECT LABS INC,37.776716468,EXPECT LABS INC,05/25/2011
,94104,,350 SANSOME ST 206,-122.401155587,,,EXPECT LABS INC,37.793766782,EXPECT LABS INC,11/01/2012
7,94104,,1 SUTTER ST 5TH FLR,-122.400785704,7389,,EXPENSIFY INC,37.790183185,EXPENSIFY INC,04/29/2009
7,94108,,88 KEARNY 1600,-122.40359612,7389,,EXPENSIFY INC,37.78875666,EXPENSIFY INC,10/01/2012
7,94103,,1355 MARKET ST 488,-122.416701021,7389,,EYEGROOVE INC,37.77716701,EYEGROOVE INC,10/25/2013
7,94107,,330 TOWNSEND ST 234,-122.395818217,7389,,FANTEX HOLDINGS INC,37.776494077,FANTEX HOLDINGS INC,06/05/2012
7,94107,,330 TOWNSEND ST 234,-122.395818217,7389,,FANTEX INC,37.776494077,FANTEX INC,10/01/2012
1,94107,,330 TOWNSEND ST 234,-122.395818217,5102,,FANTEX BROKERAGE SERVICES LLC,37.776494077,FANTEX BROKERAGE SERVICES LLC,06/05/2012
1,94107,,72 TOWNSEND ST,-122.390030754,7310,,FEDERATED MEDIA PUBLISHING INC,37.781041444,FEDERATED MEDIA PUBLISHING INC,02/22/2011
,94112,05/11/2015,65 LOBOS ST,-122.45459957,,,FIDELIS ASSOCIATES INC,37.714873503,FIDELIS ASSOCIATES INC,09/05/2014
,94105,,71 STEVENSON ST #400,-122.400110467,,,FIDELIS ASSOCIATES INC,37.789347781,FIDELIS ASSOCIATES INC,05/12/2015
7,94105,,595 MARKET ST 2700,-122.401110648,7370,,FINANCIALFORCE.COM INC,37.789437659,FINANCIALFORCE.COM INC,03/12/2012
7,94108,,575 SUTTER ST 302,-122.409761934,7389,,FINGERPRINT DIGITAL INC,37.789047281,FINGERPRINT DIGITAL INC,06/01/2011
7,94107,,444 DH HARO ST 200,-122.395338828,7389,,FIRST LOOK MEDIA INC,37.766815794,FIRST LOOK MEDIA INC,11/01/2013
7,94102,,25 TAYLOR ST,-122.410674341,7389,,FIRST OPINION INC,37.782480963,FIRST OPINION INC,04/01/2013
7,94104,,225 BUSH ST FLOOR 12,-122.401655677,7389,,FIRSTJOB INC,37.791042787,FIRSTJOB INC,09/03/2013
7,94104,,225 BUSH ST FLOOR 12,-122.401655677,7389,,FIRSTJOB INC,37.791042787,FIRSTJOB.COM,09/03/2013
7,94105,04/13/2014,150 SPEAR ST 200,-122.393378837,7389,,FITBIT INC,37.791957699,FITBIT INC,05/09/2012
7,94105,,405 HOWARD ST #550,-122.395321584,7389,,FITBIT INC,37.789057406,FITBIT INC,04/16/2014
7,94107,,371 5TH ST,-122.402241036,7370,,FITMOB INC,37.779384,FITMOB INC,06/20/2013
7,94107,,625 2ND ST,-122.391410739,7389,,FITSTAR LABS INC,37.781373991,FITSTAR INC,02/01/2013
7,94103,,80 LANGTON ST 2,-122.408756717,7389,,FITSTAR LABS INC,37.776578636,FITSTAR INC,08/01/2013
,94108,12/01/2010,1650 OWENS ST 200,-122.394454117,,12/01/2010,FIVE PRIME THERAPEUTICS INC,37.768108002,FIVE PRIME THERAPEUTICS INC,12/12/2005
7,94107,,300 BRANNAN ST #605,-122.392378656,7389,,FLEKSY INC,37.781624036,FLEKSY INC,05/23/2013
,94105,,156 2ND ST 4TH FL,-122.398888029,,,FLEXSCORE INC,37.787246809,FLEXSCORE INC,07/01/2014
7,94105,,215 02ND ST 300,-122.396229554,7389,,FLIPTOP INC,37.790018123,FLIPTOP INC,07/01/2011
7,94105,,580 HOWARD ST 201,-122.397858908,7389,,FLIPTOP INC,37.787143466,FLIPTOP INC,02/14/2014
7,94103,,706 MISSION ST 5TH FL,-122.402348198,7389,,FLITE INC,37.786033818,FLITE INC,04/26/2011
7,94107,,188 KING ST PH1,-122.391627368,7389,,FOODILY INC,37.778484068,FOODILY INC,08/01/2013
7,94107,,75 ARKANSAS ST 1,-122.398694313,7389,,FORA TV INC,37.765363035,FORA TV INC,05/01/2013
7,94105,,33 NEW MONTGOMERY ST 1500,-122.40156119,7370,,FORGEROCK US INC,37.788374103,FORGEROCK US INC,12/02/2013
8,94107,,400 2ND ST. #350,-122.394988574,5495,,FOUNDVALUE INCORPORATED,37.784137162,FOUNDVALUE INCORPORATED,03/01/2005
,94103,,785 MARKET ST STE 600,-122.405370634,,,FUNDBOX INC,37.786087976,FUNDBOX INC,01/01/2015
,94103,,785 MARKET ST #600,-122.405370634,,,FUNDBOX PARTNERS I LLC,37.786087976,FUNDBOX PARTNERS I LLC,01/01/2015
7,94107,,1 BLUXOME ST 405,-122.395941511,7389,,FUNDERSCLUB INC,37.777557633,FUNDERSCLUB INC,11/16/2012
,94107,,1501 MARIPOSA ST 428,-122.398928226,,,FYUSION INC,37.763693378,FYUSION INC,07/01/2014
,94103,06/30/2014,350 RHODE ISLAND ST STE 240,-122.402644335,,,FYUSION INC,37.765417192,FYUSION INC,02/13/2014
,94102,,207 POWELL ST #200,-122.408102694,,,GAMEDUELL INC,37.786644528,GAMEDUELL INC,10/31/2014
7,94104,05/31/2013,235 MONTGOMERY ST #960,-122.402433467,7389,,GAMEDUELL INC,37.79146337,GAMEDUELL INC,06/01/2009
7,94105,,650 MISSION ST 2ND FL,-122.400968917,7389,,GAMESALAD INC,37.787103136,GAMESALAD INC,06/22/2011
,94107,,501 2ND ST #525,-122.393300482,,,GAMETIME UNITED INC,37.782853521,GAMETIME UNITED INC,03/01/2013
7,94103,,1550 BRYANT ST 350,-122.410704546,7389,,GET SATISFACTION INC,37.76757772,GET SATISFACTION INC,05/01/2012
7,94111,,500 SANSOME ST 504,-122.401426373,7389,,RENTCYCLE INC,37.79510919,GETABLE INC,03/01/2012
7,94103,,1233 HOWARD ST,-122.412030822,7389,,GETAROUND INC,37.775847647,GETAROUND INC,04/01/2012
1,94107,02/28/2014,1 BLUXOME ST 307,-122.395941511,6635,02/28/2014,GETGOING INC,37.777557633,GETGOING INC,03/19/2013
8,94108,,601 CALIFORNIA ST 1710,-122.404715631,5398,,GETMYBOAT LLC,37.79260354,GETMYBOAT LLC,01/01/2013
7,94107,,539 BRYANT ST 401,-122.39699124,7370,,GIGWALK INC,37.780366896,GIGWALK INC,03/15/2012
7,94104,,465 CALIFORNIA ST 1250,-122.402206468,7389,,GILD INC,37.792953271,GILD INC,09/01/2013
,94104,,225 BUSH ST 1900,-122.40165614,,,GINGER.IO INC,37.791042908,GINGER.IO INC,06/01/2012
7,94107,,548 4TH ST,-122.397427955,7389,,GITHUB INC,37.779007204,GITHUB INC,07/06/2011
7,94104,,225 BUSH ST 12TH FL,-122.401655677,7389,,GIVING ASSISTANT INC,37.791042787,GIVING ASSISTANT INC,08/14/2013
7,94117,,1780 FULTON ST,-122.445942476,8110,,VY HONG THI,37.775887977,GLOW HAND & FOOT SPA,11/01/2013
7,94123,,2762 OCTAVIA ST STE B,-122.428795371,7389,,GLOW EVENT DESIGN LLC,37.797587748,GLOW EVENT DESIGN LLC,05/01/2014
,94107,,739 BRYANT ST,-122.401141759,,,ATKINSON LAURA,37.777096721,GLOW TECH STUDIOS,06/15/2015
,94107,,665 3RD ST #250,-122.393291263,,,GLOWING PLANT INC,37.779324081,GLOWING PLANT INC,08/01/2013
7,94105,,500 HOWARD ST 300,-122.396417404,7389,,GLU GAMES INC,37.788293443,GLU MOBILE INC,10/14/2013
7,94110,04/30/2015,530 HAMSPHIRE ST 301,-122.408293972,7389,,GOOD EGGS INC,37.762826863,GOOD EGGS INC,12/08/2011
7,94105,,181 FREMONT ST,-122.395540517,7389,,GOOD PEOPLE GLOBAL INC,37.789594369,GOOD PEOPLE GOBAL,07/10/2012
7,94105,,201 HARRISON ST 225,-122.390700934,7389,,GOOD.CO INC,37.78780718,GOOD.CO INC,08/01/2013
7,94104,,111 SUTTER ST 4TH FL,-122.402556761,7389,,GOODDATA CORPORATION,37.789943511,GOODDATA CORPORATION,12/31/2012
7,94110,,3519 24TH ST,-122.422047608,7389,,GOTTAPARK INC,37.752023068,GOTTAPARK INC,05/01/2008
,94107,,766 HARRISON ST 103,-122.398868307,,,GOTTAPARK INC,37.781423539,GOTTAPARK INC,04/01/2014
,94107,,360 3RD ST 425,-122.398275955,,,GRAND ROUNDS INC,37.783213514,GRAND ROUNDS INC,11/01/2014
7,94107,10/31/2014,599 2ND ST,-122.392321042,8099,,GRAND ROUNDS INC,37.782083796,GRAND ROUNDS INC,10/01/2013
7,94117,,417 CLAYTON ST,-122.44899082,7389,,GROOPT INC,37.77158515,GROOPT INC,04/06/2010
7,94105,03/30/2015,201 SPEAR ST 1650,-122.392050256,7389,,GROUNDWORK OPEN SOURCE SOLUTIO,37.790943691,GROUNDWORK OPEN SOURCE,08/25/2012
,94107,,333 BRYANT ST 100,-122.392281859,,,GROUNDWORK OPEN SOURCE SOLUTIO,37.784047455,GROUNDWORK OPEN SOURCE,03/31/2015
7,94103,,1640 17TH ST,-122.400079067,7389,,GUMROAD INC,37.764974551,GUMROAD INC,09/01/2012
7,94103,,371 10TH ST,-122.411720859,7389,,HAMPTON CREEK FOODS INC,37.772003635,HAMPTON CREEK FOODS,06/01/2012
7,94112,,1728 OCEAN AVE 149,-122.460794237,7880,,SCHNEIDER DROR R,37.724897202,HANDLE BY THE BAY,11/01/2012
8,94133,,848 PACIFIC AVE J,-122.409293001,5884,,BULLOCK MERCEDES W,37.796638268,HANDLE OWN EVERYTHING,12/04/2013
,94124,,1255 SHAFTER AVE #C,-122.384294247,,,HANDUP PBC,37.727355019,HANDUP PBC,10/01/2013
7,94107,,660 3RD ST A,-122.393388055,7389,,HEALTHLINE NETWORKS INC,37.779327538,HEALTHLINE NETWORKS INC,12/31/2008
,94123,,2104 UNION ST,-122.434062451,,,HEYLETS INC,37.797297373,HEYLETS INC,08/01/2012
,94103,,67 LANGTON ST,-122.408950773,,,HIGH FIDELITY INC,37.776813259,HIGH FIDELITY INC,07/24/2014
8,94104,05/29/2015,17 KEARNY ST,-122.403568261,5495,05/29/2015,HIGHLIGHT LLC,37.788152889,HIGHLIGHT LLC,06/19/2012
7,94107,,434 BRANNAN ST 1ST FLR,-122.395247838,7389,,HIPMUNK INC,37.779413959,HIPMUNK INC,01/01/2013
7,94103,,42 DECATUR ST,-122.405967515,7732,,HIRED INC,37.772347015,HIRED INC,08/16/2012
,94104,,580 CALIFORNIA ST 7TH FL,-122.404082753,,,HOMEJOY INC,37.792748065,HOMEJOY HOUSE CLEANING SERVICES,01/18/2014
7,94103,,995 MARKET ST 8TH FL,-122.410081162,7389,,HOOKED MEDIA GROUP INC,37.782377628,HOOKED MEDIA GROUP INC,07/01/2009
7,94103,,835 HOWARD ST 3RD FL,-122.403510851,7389,,HUDDLE INC,37.782597714,HUDDLE INC,03/12/2010
7,94105,,530 HOWARD ST LOWER LEVEL,-122.396897905,7389,,HYDRONOVATION INC,37.787914342,HYDRONOVATION INC,01/01/2011
7,94102,,870 MARKET ST 828,-122.407157823,7389,,IDIBON INC,37.784734044,IDIBON INC,03/08/2013
7,94103,,923 MARKET ST 400,-122.408571672,7389,,IFTTT INC,37.783566783,IFTTT INC,01/01/2013
8,94103,06/30/2015,1547 MISSION ST,-122.417938278,5495,06/30/2015,"IGIGI, INC",37.77359594,IGIGI DESIGN INTERNATIONAL,01/01/2008
7,94117,,1919 PAGE ST,-122.452546203,7389,,IMANAGERENT INC,37.77022336,IMANAGERENT INC,01/01/2014
7,94102,09/17/2014,25 TAYLOR ST,-122.410674341,7389,,IMGUR INC,37.782480963,IMGUR INC,03/28/2014
,94111,,415 JACKSON ST 2ND,-122.402285975,,,IMGUR INC,37.796543781,IMGUR INC,09/17/2014
,94103,03/28/2014,929 MARKET ST SUITE 400,-122.408732014,,03/28/2014,IMGUR LLC,37.783447212,IMGUR LLC,10/15/2011
7,94104,12/31/2013,250 MONTGOMERY ST 610,-122.402425401,7389,,INDEX SYSTEMS INC,37.791737613,INDEX SYSTEMS INC,12/13/2013
7,94103,,965 MISSION ST 600,-122.407800796,7389,,INDIEGOGO INC,37.781647081,INDIEGOGO INC,11/30/2012
7,94142,,251 KEARNY ST 2ND FL,-122.404015263,8930,,INDINERO INC,37.790548463,INDINERO INC,06/01/2012
7,94108,,153 KEARNY ST 4TH FL,-122.403812749,7389,,INKLING SYSTEMS INC,37.789494121,INKLING SYSTEMS INC,04/02/2012
7,94107,,475 BRANNAN ST 420,-122.395670725,7389,,INMOBI INC,37.778997986,INMOBI INC,02/11/2012
7,94103,,650 TOWNSEND ST,-122.402708251,8021,,INPRONTO INC,37.771015004,INPRONTO INC,06/01/2008
7,94105,09/07/2014,150 SPEAR ST 300,-122.393378837,7389,,INSIDETRACK INC,37.791957699,INSIDETRACK INC,07/15/2013
,94111,,1620 MONTGOMERY ST 230,-122.404996142,,,INSIDETRACK INC,37.804096988,INSIDETRACK INC,09/08/2014
7,94107,,444 DE HARO ST 210,-122.401543906,7389,,INSIDEVIEW TECHNOLOGIES INC,37.764187707,INSIDEVIEW TECHNOLOGIES INC,07/01/2008
7,94107,,434 BRANNAN 2ND FL,-122.395247838,7389,,INSIGHTLY INC,37.779413959,INSIGHTLY INC,09/09/2013
7,94103,12/31/2013,149 9TH ST 200,-122.413811098,7389,,INTERCOM INC,37.775543445,INTERCOM INC,07/01/2012
,94111,,98 BATTERY ST 402,-122.399685275,,,INTERCOM INC,37.792026836,INTERCOM INC,12/04/2013
7,94107,,458 BRANNAN ST,-122.395677639,8071,,INVITAE CORPORATION,37.779063666,INVITAE CORPORATION,08/22/2012
7,94107,03/19/2015,39 STILLMAN ST,-122.395091127,7389,,INVUITY INC,37.782747511,INVUITY INC,01/01/2008
,94107,,444 DE HARO ST #110,-122.401543906,,,INVUITY INC,37.764187707,INVUITY INC,03/20/2015
7,94103,,650 TOWNSEND ST 380,-122.402708251,7389,,IRHYTHM TECHNOLOGIES INC,37.771015004,IRHYTHM TECHNOLOGIES INC,03/08/2007
,94103,,325 9TH ST ST,-122.411151631,,,IRON.IO INC,37.773443987,IRON.IO INC,07/11/2014
7,94107,,185 BERRY ST 1300,-122.393150685,7389,,JAGUAR ANIMAL HEALTH INC,37.775886825,JAGUAR ANIMAL HEALTH INC,12/19/2013
7,94111,01/31/2015,1 EMBARCADERO CTR 900,-122.399645624,7389,,JOYENT INC,37.794613698,JOYENT INC,01/01/2012
,94111,,655 MONTGOMERY ST 1600,-122.403242413,,,JOYENT INC,37.795322699,JOYENT INC,02/01/2015
7,94107,,330 TOWNSEND ST 240,-122.395818217,7389,,JUDICATA INC,37.776494077,JUDICATA INC,10/23/2012
7,94104,,225 BUSH ST 600,-122.401655677,7389,,JUSTIN TV INC,37.791042787,JUSTIN TV INC,12/19/2013
7,94107,,795 FOLSOM ST 600,-122.400846961,7389,,KABAM INC,37.782250134,KABAM INC,07/01/2012
7,94107,,188 KING ST 502,-122.391627368,7389,,KAGGLE INC,37.778484068,KAGGLE INC,10/04/2011
,94107,,300 BRANNAN ST #608,-122.392378656,,,KAIZEN PLATFORM INC,37.781624036,KAIZEN PLATFORM INC,10/01/2014
,94105,,301 HOWARD ST 910,-122.394501159,,,KAMCORD INC,37.789707293,KAMCORD INC,05/15/2014
7,94104,05/14/2014,465 CALIFORNIA ST 806,-122.402206468,7389,,KAMCORD INC,37.792953271,KAMCORD INC,12/01/2012
7,94105,,625 MARKET ST 9TH FL,-122.401841194,7389,,KEAS INC,37.788847691,KEAS INC,08/01/2012
7,94107,,427 BRYANT ST,-122.394231525,7389,,KEEPSAFE SOFTWARE INC,37.782567755,KEEPSAFE SOFTWARE INC,02/26/2014
,94158,,455 MISSION BAY BLVD #124,-122.388686565,,,KINSIGHTS INC,37.771096622,KINSIGHTS INC,05/19/2014
7,94108,07/10/2014,615 GRANT AVE 3RD FL,-122.406003236,7389,,KINSIGHTS INC,37.792813845,KINSIGHTS INC,06/21/2011
7,94110,,530 HAMPSHIRE ST 301,-122.408293972,7389,,KITCHIT INC,37.762826863,KITCHIT INC,05/27/2013
,94104,,1 SANSOME ST 3500,-122.400612862,,,HAWTHORNE DISTRIBUTIONS INC,37.790414794,KIVA DISTRIBUTION,01/02/2015
7,94110,,3180 18TH ST 201,-122.414571604,7389,,KIVA USER FUNDS LLC,37.762158539,KIVA USER FUNDS LLC,01/01/2008
7,94110,,3180 18TH ST 201,-122.414571604,7389,,KIVA MICROFUNDS,37.762158539,KIVA MICROFUNDS,06/01/2006
7,94104,,333 BUSH ST 19TH,-122.403166318,7389,,KIXEYE INC,37.790843443,KIXEYE INC,07/26/2012
7,94108,,334 KEARNY ST 300,-122.404085839,7389,,KNOTCH INC,37.791246741,KNOTCH INC,01/01/2013
7,94107,,358 BRANNAN ST,-122.393467562,7389,,KODING INC,37.780764434,KODING INC,03/01/2013
7,94107,,181 SOUTH PARK 2,-122.394710874,7389,,KRUX DIGITAL INC,37.780956865,KRUX DIGITAL INC,04/01/2010
7,94108,,30 MAIDEN LANE 600,-122.404075353,7389,,KWARTER INC,37.788360311,KWARTER INC,01/01/2013
,94123,,1795 UNION ST 3RD FL,-122.42872309,,,LANTERN GROUP REALTY LLC,37.79792601,LANTERN GROUP REALTY LLC,04/01/2014
7,94110,,470 ALABAMA ST,-122.412224406,7370,,LAYER INC,37.763267034,LAYER INC,07/15/2013
7,94105,,119 NEW MONTGOMERY ST 303,-122.400050548,7389,,LEANPLUM INC,37.787113506,LEANPLUM INC,01/14/2013
7,94107,,333 BRYANT ST LL150,-122.392281864,7389,,LEAP MOTION INC,37.784047284,LEAP MOTION INC,06/20/2012
,94103,,630 8TH ST,-122.405164652,,,LEARNSPROUT INC,37.771039043,LEARNSPROUT INC,01/01/2012
7,94105,,2 HARRISON ST 350,-122.388747816,7389,,LEGALREACH INC,37.789434202,LEGALREACH INC,01/01/2014
5,94105,,71 STEVENSON ST 300,-122.400110467,6199,,LENDING CLUB CORPORATION,37.789347781,LENDING CLUB CORPORATION,05/16/2011
,94133,,35 BRET HARTER TERR,-122.410906983,,,LEVER STUDIOS INC,37.800737252,LEVER STUDIOS INC,01/01/2015
7,94108,,425 BUSH ST #435,-122.404525651,7389,,LEVER INC,37.790662949,LEVER INC,06/10/2012
7,94111,,1 EMBARCADERO CTR 310,-122.399645624,7389,,LIFENEXUS INC,37.794613698,LIFENEXUS INC,10/10/2011
7,94102,,760 MARKET ST 5TH FL,-122.405258763,7389,,LIFT WORLDWIDE LLC,37.786253785,LIFT WORLDWIDE LLC,08/22/2012
,94107,,330 TOWNSEND ST 108,-122.395818217,,,LINGUASTAT INC,37.776494077,LINGUASTAT INC,03/01/2011
7,94103,,1263 HOWARD ST,-122.412400705,7389,,LIQUOR.COM HOLDINGS INC,37.775567643,LIQUOR.COM HOLDINGS INC,01/01/2012
13,94103,,1086 FOLSOM ST,-122.407587624,3998,,LIT MOTORS CORPORATION,37.777013756,LIT MOTORS CORPORATION,07/02/2010
7,94104,,225 BUSH ST 1500,-122.401655677,7370,,LITHIUM TECHNOLOGIES INC,37.791042787,LITHIUM TECHNOLOGIES INC,06/03/2013
7,94108,,23 GEARY ST 400,-122.403906092,7389,,LIVEFYRE INC,37.787870527,LIVEFYRE INC,07/01/2012
,94107,,185 BERRY ST 1510,-122.393150685,,,LOB.COM INC,37.775886825,LOB.COM,10/01/2013
7,94107,,400 2ND STREET 400,-122.394988574,7389,,LOCBOX LABS INC,37.784137162,LOCBOX LABS,07/20/2012
7,94158,,383 KING ST 1210,-122.394446548,7310,,LOCKET INC,37.775757983,LOCKET INC,05/27/2014
7,94104,,1 POST ST 400,-122.40211652,7389,,LOGGLY INC,37.789083669,LOGGLY INC,07/01/2013
7,94111,,1 FRONT ST 2700,-122.398543364,7389,,LOOKOUT INC,37.791893171,LOOKOUT INC,01/01/2012
7,94105,,181 FREMONT ST 1ST FLR,-122.395540517,7398,,LOOKOUT GAMING LLC,37.789594369,LOOKOUT GAMING,02/01/2013
7,94111,,150 CALIFORNIA ST 400,-122.398441963,7389,,LOYAL3 HOLDINGS INC,37.7934476,LOYAL3 HOLDINGS INC,01/01/2014
7,94105,,181 FREMONT ST,-122.395540517,7389,,LUDEI INC,37.789594369,LUDEI INC,07/21/2011
7,94110,,3435 CESAR CHAVEZ 225,-122.417307176,7389,,LUXR INCORPORATED,37.752785771,LUXR INCORPORATED,08/17/2010
,94107,,41 FREELON ST,-122.396330983,,,MAILTIME TECHNOLOGY INC,37.779307949,MAILTIME TECHNOLOGY INC,04/01/2015
7,94107,,539 BRYANT ST #402,-122.39699124,7389,,MANGO HEALTH INC,37.780366896,MANGO HEALTH INC,02/15/2012
,94107,,577 2ND ST #203,-122.392460468,,,MANGO HEALTH INC,37.782203634,MANGO HEALTH INC,02/15/2012
7,94111,09/18/2014,ONE FERRY BLDG 225,-122.391958951,7389,,MANGO HEALTH INC,37.795461804,MANGO HEALTH INC,01/01/2014
,94104,,180 SANSOME ST 4TH FL,-122.400785704,,,MAP D TECHNOLOGIES INC,37.791886258,MAPD TECHNOLOGIES INC,09/01/2014
7,94105,,123 MISSION ST 25TH FLOOR,-122.394571448,7389,,MARIN SOFTWARE INCORPORATED,37.792137455,MARIN SOFTWARE INCORPORATED,06/15/2008
,94107,,599 3RD ST #101,-122.394451611,,,MARK ONE LIFESTYLE INC,37.780253973,MARK ONE LIFESTYLE INC,09/09/2014
,94107,,433 BRYANT ST,-122.394340992,,,MASHAPE INC,37.782477877,MASHAPE INC,04/03/2012
,94104,,100 BUSH ST #1000,-122.399832767,,,"MASSDROP GROUP, INC.",37.791348142,"MASSDROP GROUP, INC.",11/01/2014
7,94103,10/31/2014,1235 HOWARD STREET D,-122.412030822,7389,,"MASSDROP GROUP, INC.",37.775847647,"MASSDROP GROUP, INC.",11/01/2013
7,94110,10/10/2014,3130 20TH ST 225,-122.412021604,7389,,MATTERMARK INC,37.759087708,MATTERMARK INC,06/04/2013
,94133,,564 PACIFIC AVE,-122.404500056,,,MATTERMARK INC,37.797217384,MATTERMARK INC,10/01/2014
,94102,,77 VAN NESS AVE #203,-122.419482629,,,MAVRX INC,37.776133413,MAVRX INC,09/01/2014
,94104,,345 CALIFORNIA ST 325,-122.400486111,,,MEDRIO INC,37.793143397,MEDRIO INC,12/03/2014
7,94105,12/03/2014,595 MARKET ST 1300,-122.401110648,7389,,MEDRIO INC,37.789437659,MEDRIO INC,08/01/2011
7,94107,11/18/2014,425 2ND ST 3RD FL,-122.394660174,7389,,MACH DATA SYSTEMS INC,37.783933209,MEMSQL INC,10/15/2012
,94107,,534 4TH ST,-122.397427955,,,MACH DATA SYSTEMS INC,37.779007204,MEMSQL INC,11/18/2014
,94105,,1414 BEALE ST,-122.392951254,,,METACERT INC,37.788891718,METACERT INC,05/07/2014
,94107,,388 BEALE ST 1414,-122.391290336,,,METACERT INC,37.78751618,METACERT INC,05/07/2014
7,94107,,585 BRYANT ST 2ND FL,-122.397551177,7389,,METACERT INC,37.779927341,METACERT INC,09/01/2012
7,94107,,625 2ND ST 230,-122.391410739,7389,,METAMARKETS GROUP INC,37.781373991,METAMARKETS GROUP INC,11/01/2012
7,94107,,577 2ND ST 203,-122.392460468,7389,,MEVIO INC,37.782203634,MEVIO INC,07/29/2008
7,94102,,25 TAYLOR ST,-122.410674341,7389,,MINBOX INC,37.782480963,MINBOX INC,09/19/2013
7,94107,,300 BRQNNAN ST 408,-122.395338828,7389,,MINDIE INC,37.766815794,MINDIE INC,04/01/2014
7,94103,,1479 FOLSOM ST,-122.413757649,7389,,MINDSNACKS INC,37.772040368,MINDSNACKS INC,05/01/2011
7,94107,,539 BRYANT ST 304,-122.39699124,8200,,MINDSUMO INC,37.780366896,MINDSUMO INC,11/06/2013
7,94111,,747 FRONT ST 200,-122.399769661,7389,,MINTED LLC,37.798188199,MINTED LLC,09/01/2011
7,94107,,650 5TH STREET STE #403,-122.397787467,7389,,MIXED MEDIA LABS INC,37.775757769,MIXED MEDIA LABS INC,12/01/2010
,94103,,405 HOWARD ST  #2,-122.395222205,,,MIXPANEL INC,37.78913198,MIXPANEL INC,01/01/2010
7,94103,,799 MARKET ST 7TH FLR,-122.405540019,7389,,MIXPANEL INC,37.785937027,MIXPANEL INC,01/01/2013
,94104,,381 BUSH ST #600,-122.403756287,,,MOBILE ACTION INC,37.790773153,MOBILE ACTION INC,04/01/2014
7,94105,,631 HOWARD ST 520,-122.398851023,7389,,MOBISSIMO INC,37.78628732,MOBISSIMO INC,05/01/2007
7,94104,,350 SANSOME ST 1010,-122.401155587,7389,,MOCANA CORPORATION,37.793766782,MOCANA CORPORATION,04/01/2006
7,94111,,710 SANSOME ST,-122.401895352,7389,,MOCANA CORPORATION,37.796996628,MOCANA CORP,11/11/2013
,94104,,115 SANSOME ST #900,-122.4007834,,,MODCLOTH INC,37.791464523,MODCLOTH INC,12/01/2014
,94108,,222 GRANT AVE,-122.405245199,,,MODCLOTH INC,37.788991297,MODCLOTH INC,07/20/2015
8,94107,11/30/2014,651 BRANNAN ST #300,-122.40001159,5495,,MODCLOTH INC,37.775577618,MODCLOTH INC,05/14/2010
7,94104,,225 BUSH ST 16TH FL,-122.401655677,7389,,MOTION MATH INC,37.791042787,MOTION MATH INC,06/15/2011
8,94110,,2448 MISSION ST C,-122.41901365,5700,,MOVE LOOT INC,37.757798305,MOVE LOOT INC,09/09/2013
7,94108,,77 GEARY ST 400,-122.404735726,7389,,MULESOFT INC,37.787753023,MULESOFT INC,10/21/2010
7,94107,,620 FOLSOM ST 100,-122.39736819,7389,,MXHERO INC,37.785083603,MXHERO INC,10/01/2013
7,94103,,1000 BRANNAN ST 501,-122.407327208,7310,,MYLIKES INC,37.769833888,MYLIKES HQ,01/01/2011
7,94107,,512 2ND ST 4TH FL,-122.393407644,7389,,N3TWORK INC,37.782867348,N3TWORK INC,01/02/2013
7,94107,,185 BERRY ST 1300,-122.393150685,7389,,NAPO PHARMACEUTICALS INC,37.775886825,NAPO PHARMACEUTICALS INC,01/10/2010
,94103,,575 7TH ST,-122.403520069,,,NAVDY INC,37.773343739,NAVDY INC,03/01/2014
7,94104,,101 MONTGOMERY ST 350,-122.402165718,7389,,TRUSTNODE INC,37.790106639,NAVERA INC,06/01/2013
7,94108,,26 O'FARRELL,-122.405473187,7389,,NEOCASE SOFTWARE,37.786778192,NEOCASE SOFTWARE INC,06/01/2010
7,94102,01/25/2015,25 TAYLOR ST,-122.410674341,7389,,NEON LABS INC,37.782480963,NEON LABS INC,06/01/2013
,94107,,70 SOUTH PARK ST,-122.393827074,,,NEON LABS INC,37.781963959,NEON LABS INC,01/26/2015
7,94133,,50 OSGOOD PL,-122.402965821,7389,,NETPULSE INC,37.797957631,NETPULSE INC,06/24/2013
8,94111,10/31/2014,1750 MONTGOMERY ST,-122.405195487,5495,,NET APP INC,37.805137499,NETWORK APPLIANCE INC,05/31/2013
8,94105,,201 MISSION ST 1200,-122.395090763,5495,,NETWORK COMPUTING ARCHITECTS,37.791717745,NETWORK COMPUTING ARCHITECTS,09/01/2013
7,94109,,955 LEAVENWORTH ST,-122.415553348,7389,,"NETWORK VIRTUE, INC",37.79005413,NETWORK VIRTUE INC,02/01/2014
7,94105,,188 SPEAR ST 1200,-122.39276624,7389,,NEW RELIC INC,37.791462904,NEW RELIC INC,02/25/2013
7,94105,,101 2ND ST 1000,-122.399520499,7389,,NEXANT INC,37.787833683,NEXANT INC,01/01/2010
7,94107,,290 KING ST #9,-122.394118602,7389,,NEXTBIT SYSTEMS INC,37.776494077,NEXTBIT SYSTEMS INC,02/08/2013
,94105,05/04/2014,101 SPEAR ST 230,-122.393965701,,,NEXTDOOR.COM INC,37.792517405,NEXTDOOR.COM INC,07/01/2012
7,94102,,760 MARKET ST 300,-122.405258763,7370,,NEXTDOOR.COM INC,37.786253785,NEXTDOOR.COM INC,05/05/2014
,94107,,450 TOWNSEND ST,-122.398488285,,,ELCHINOFF MARK,37.774394877,NGINX SOFTWARE INC,10/22/2013
7,94107,,953 INDIANA ST,-122.391244811,7389,,NIRMIDAS BIOTECH INC,37.758744328,NIRMIDAS BIOTECH INC,03/01/2014
7,94104,,225 BUSH ST 700,-122.401655677,7389,,NITRO SOFTWARE INC,37.791042787,NITRO PDF SOFTWARE,11/01/2012
7,94107,10/31/2014,300 BRANNAN ST 406,-122.392378656,7389,,NITROUS INC,37.781624036,NITROUS.IO,05/27/2014
,94107,,300 BRANNAN ST STE 201,-122.392378656,,,NITROUS INC,37.781624036,NITROUS INC,06/01/2014
7,94107,,1001 MARIPOSA ST 206,-122.394048312,7370,,NODEPRIME INC,37.763992972,NODEPRIME INC,04/01/2013
,94103,,835 HOWARD ST 200,-122.403510851,,,NODEPRIME INC,37.782597714,NODEPRIME INC,06/01/2014
,94107,,601 KANSAS ST,-122.403235455,,,NORTH TECHNOLOGIES INC,37.762053681,NORTH TECHNOLOGIES INC,10/01/2014
7,94105,,388 BEALE ST 1510,-122.391667698,8200,,NOVOED INC,37.787817551,NOVOED INC,09/09/2013
,94158,04/20/2014,1700 OWENS ST 500,-122.3935874,,,NURIX INC,37.767426772,NURIX INC,03/26/2012
7,94158,,1700 OWENS ST 290,-122.3935874,7389,,NURIX INC,37.767426772,NURIX INC,04/21/2014
7,94105,,201 MISSION ST 1940,-122.395090763,7370,,NWAY AMERICA LLC,37.791717745,NWAY AMERICA LLC,11/29/2011
7,94110,,660 YORK ST 101,-122.409088709,7389,,OBJECTLABS CORPORATION,37.761069003,OBJECTLABS CORPORATION,01/01/2013
7,94107,,301 BRANNAN ST 300,-122.392310671,7389,,OKTA INC,37.781597533,OKTA INC,05/14/2012
8,94103,02/28/2015,1355 MARKET ST 400,-122.416701021,5700,,ONE KINGS LANE INC,37.77716701,ONE KINGS LANE INC,08/01/2012
,94107,,633 FOLSOM ST 200,-122.397570838,,,ONE KINGS LANE INC,37.784846968,ONE KINGS LANE INC,03/01/2015
,94122,,840 IRVING ST,-122.466777216,,,ONE MEDICAL GROUP INC,37.764052358,ONE MEDICAL GROUP INC,01/01/2010
7,94102,,98 GOUGH ST,-122.422354156,7389,,ONE MEDICAL GROUP INC,37.773986109,ONE MEDICAL GROUP INC,01/01/2014
7,94107,,145 BLUXOME ST,-122.398821064,7389,,OPENDNS LLC,37.775277268,OPENDNS LLC,04/01/2012
7,94105,,631 HOWARD ST 100,-122.398851023,7389,,OPTIMIZELY INC,37.78628732,OPTIMIZELY INC,07/23/2013
7,94110,,583 SHOTWELL ST,-122.415760375,7389,,OQO INC,37.759161249,OQO INC,08/16/2000
,94110,,2125 MISSION ST,-122.419434012,,,ONBEEP INC,37.76288593,ORION LABS INC,01/21/2015
7,94110,,3101 20TH ST,-122.411707031,7389,,OTHER MACHINE COMPANY,37.75905314,OTHER MACHINE CO,06/25/2013
7,94107,12/31/2013,501 2ND ST 402,-122.393300482,7389,,PAGERDUTY INC,37.782853521,PAGERDUTY INC,12/19/2013
7,94105,,501 SECOND ST 100,-122.393387903,7389,,PAGERDUTY INC,37.78292656,PAGERDUTY INC,12/19/2013
8,94103,,208 UTAH ST 100,-122.406663494,5398,,PANTHEON HARDWOODS LLC,37.766797626,PANTHEON HARDWOODS LLC,10/01/2013
7,94108,,717 PANTHEON SYSTEMS INC,-122.407426633,7389,,PANTHEON SYSTEMS INC,37.79151715,PANTHEON SYSTEMS INC,06/01/2012
8,94118,,368 EWING TER,-122.4484181,5398,,LIDL NUDL LLC,37.779578688,PANTRY CONFECTIONS,10/15/2013
7,94108,,530 BUSH ST 900,-122.406082744,7389,,PAPERG INC,37.790538088,PAPERG INC,12/01/2012
7,94105,,301 HOWARD ST 2200,-122.39450101,7389,,PATH INC,37.789707222,PATH INC,04/29/2014
7,94111,,405 DAVIS COURT 2407,-122.398264049,7389,,PATH LABS LLC,37.796554854,PATH LOGIC,06/14/2012
,94111,,405 DAVIS CT 2407,-122.398264049,,,PATH LOGIC,37.796554854,PATH LOGIC,07/08/2014
,94103,,230 9TH ST,-122.412562862,,,PATREON INC,37.774470654,PATREON INC,07/01/2014
7,94131,06/30/2014,461 28TH ST,-122.432557571,7389,,PATREON INC,37.744913489,PATREON INC,08/01/2013
,94115,,1426 FILLMORE ST  #317,-122.432576007,,,ELEK JAZMIN K,37.7828178,PEER PLAY,04/14/2015
,94107,04/14/2014,953 INDIANA ST,-122.391244811,,04/14/2014,PERLSTEIN LAB B CORP,37.758744328,PERLSTEIN LAB B CORP,01/01/2014
7,94107,,953 INDIANA ST,-122.391244811,7389,,PERLSTEIN LAB PBC,37.758744328,PERLSTEIN LAB PBC,04/01/2014
,94103,,290 DIVISION ST #304,-122.408340064,,,PILLOW HOMES INC,37.769227788,PILLOW HOMES INC,06/01/2014
7,94103,,572 7TH ST,-122.403668713,7389,,PINTEREST INC,37.773387525,PINTEREST INC,08/01/2012
13,94103,,205 13TH ST 2001,-122.418385377,3998,,PLANTSENSE INC,37.769791259,PLANTSENSE INC,08/15/2008
7,94109,,400 MONTGOMERY ST 650,-122.402679721,7370,,PLIVO INC,37.793023951,PLIVO INC,11/14/2012
7,94104,,225 BUSH ST 1350,-122.401655677,7310,,PLUM DISTRICT INC,37.791042787,PLUM DISTRICT INC,12/01/2012
13,94105,,28 2ND ST 3RD FL,-122.401027683,3998,,PLYMPTON INC,37.788916827,PLYMPTON INC,04/01/2013
7,94103,,1550 BRYANT ST 700,-122.410704546,7389,,POLL EVERYWHERE INC,37.76757772,POLL EVERYWHERE INC,03/18/2013
,94107,,645 HARRISON ST #200,-122.395971471,,,POPUPSTERS INC,37.783657813,POPUPSTERS INC,11/14/2014
7,94104,,1 MONTGOMERY ST 710,-122.402084326,7389,,POSIT SCIENCE CORPORATION,37.789325887,POSIT SCIENCE CORPORATION,04/01/2010
7,94105,,625 MARKET ST 600,-122.401841194,7389,,POSIT SCIENCE CORPORATION,37.788847691,POSIT SCIENCE CORPORATION,12/01/2011
7,94108,,77 GEARY BLVD 303,-122.404735726,7389,,POSIT SCIENCE CORPORATION,37.787753023,POSIT SCIENCE CORPORATION,01/01/2013
7,94103,,475 VALENCIA ST 2ND FLR,-122.421885136,7389,,POSTMATES INC,37.765363035,POSTMATES INC,09/01/2013
7,94102,05/18/2014,420 TAYLOR ST,-122.411335996,7389,,PRACTICE FUSION INC,37.78627695,PRACTICE FUSION INC,12/01/2011
,94103,,650 TOWNSEND ST 500,-122.402708251,,,PRACTICE FUSION INC,37.771015004,PRACTICE FUSION INC,05/19/2014
7,94107,,290 KING ST UNIT 10,-122.394118602,7389,,PREACT INC,37.776494077,PREACT INC,01/01/2014
,94103,,645 7TH ST,-122.402556934,,,PREMISE DATA CORPORATION,37.772576518,PREMISE DATA CORPORATION,09/01/2012
7,94158,,1700 OWENS ST #585,-122.3935874,8888,,PRESIDIO PHARMACEUTICALS INC,37.767426772,PRESIDIO PHARMACEUTICALS INC,03/20/2008
,94107,,633 FOLSOM ST 5TH FLR,-122.397570991,,,PREZI INC,37.784847002,PREZI INC,11/25/2014
7,94111,11/24/2014,735 MONTGOMERY ST LWR CRT,-122.403472825,7389,,PREZI INC,37.796272995,PREZI INC,02/01/2012
,94117,,1663 MISSION ST # 300,-122.41932763,,,PRICEONOMICS INC,37.771620617,PRICEONOMICS INC,06/30/2013
7,94103,,799 MARKET ST 8TH FL,-122.405540019,7389,,PRISM SKYLABS INC,37.785937027,PRISM SKYLABS INC,11/01/2013
7,94111,,222 VALLEJO ST 320,-122.401419907,7389,,PROJECT FROG INC,37.799534918,PROJECT FROG INC,08/01/2011
7,94111,,222 VALLEJO ST 320,-122.401419907,7389,,PROJECT FROG INC,37.799534918,PROJECT FROG INC,08/01/2011
,94107,04/08/2014,670 5TH ST,-122.397687042,,04/08/2014,PROSETTA CORPORATION,37.775676934,PROSETTA ANTIVIRAL INC,12/31/2010
7,94107,,670 5TH ST,-122.397687042,7389,,PROSETTA BIOSCIENCES INC,37.775676934,PROSETTA BIOSCIENCES INC,04/08/2014
7,94107,,6705 5TH ST,-122.400304587,8099,,PROSETTA INC,37.777817425,PROSETTA INC,01/04/2011
7,94105,,101 2ND ST 15TH FL,-122.399520499,7389,,PROSPER FUNDING LLC,37.787833683,PROSPER FUND LLC,02/01/2012
5,94105,,101 SECOND ST 1500,-122.399520499,6199,,PROSPER MARKETPLACE INC,37.787833683,PROSPER MARKETPLACE INC,03/01/2014
5,94104,,111 SUTTER ST 22ND FL,-122.402556761,6199,,PROSPER MARKETPLACE INC,37.789943511,PROSPER MARKETPLACE INC,08/01/2006
8,94123,,1640 BAY ST 104,-122.434053232,5398,,PROVEN REMEDIES LLC,37.803008082,PROVEN REMEDIES LLC,05/01/2010
7,94105,,604 MISSION ST 1000,-122.400067833,7389,,TIC TASKS INC,37.787823312,PROVEN.COM,07/26/2011
2,94111,,712 SANSOME ST,-122.401925311,1510,,PROVEN COMSA JV,37.797126835,PROVEN COMSA JV,02/01/2013
7,94107,,1045 17TH ST 204,-122.394527662,7389,,PUBNUB INC,37.765232827,PUBNUB INC,11/01/2011
7,94107,,725 FOLSOM ST,-122.399300413,7389,,PUBNUB INC,37.783467687,PUBNUB INC,12/01/2013
7,94104,,433 CALIFORNIA ST 1030,-122.401725966,7389,,MMJK INC,37.793013189,PUREPLAY.COM,01/01/2012
7,94104,,433 CALIFORNIA ST 1030,-122.401725966,7389,,MMJK INC,37.793013189,PUREPLAY.NET,11/01/2012
7,94107,12/31/2013,641 ARKANSAS,-122.398044426,7389,12/31/2013,AMBROSE EMPLOYER GROUP LLC,37.758143989,PUSHD INC,06/01/2012
7,94107,,641 ARKANSAS ST,-122.398044426,7389,,PUSHD INC,37.758143989,PUSHD INC (AMBROSE EMP GRP LLC,06/01/2012
7,94103,10/06/2014,201 3RD ST,-122.400130474,7389,10/06/2014,QUANTCAST SERVICES INC,37.78475376,QUANTCAST SERVICES INC,03/03/2010
7,94103,,201 3RD ST 2ND FL,-122.400130474,7370,,QUANTCAST CORPORATION,37.78475376,QUANTCAST CORPORATION,04/15/2008
7,94115,,2608 SUTTER ST B,-122.443473136,7389,,QUIBB INC,37.784818161,QUIBB INC,05/01/2014
,94111,,530 DAVIS ST,-122.39834121,,,QUID INC,37.797319613,QUID INC,10/01/2014
,94105,,62 1ST ST 5TH FLR,-122.398136268,,,QUID INC,37.790186251,QUID INC,10/21/2014
7,94111,10/21/2014,733 FRONT ST C1A,-122.399742889,7389,,QUID INC,37.798083229,QUID INC,05/26/2010
7,94102,,988 MARKET ST 7TH FL,-122.409841148,7389,,QUIP INC,37.782647091,QUIP INC,02/05/2013
7,94107,,340 BRANNAN ST 200,-122.393037761,7389,,QURI INC,37.781093986,QURI INC,06/01/2013
,94107,,880 HARRISON ST #204,-122.401477073,,,RAVEL LAW INC,37.779403589,RAVEL LAW INC,06/01/2014
8,94103,,1550 BRYANT ST 220,-122.410704546,5495,,RDIO INC,37.76757772,RDIO INC,09/01/2011
7,94108,,580 CALIFORNIA ST 7TH FL,-122.40404361,7389,,RECOMMIND INC,37.79275636,RECOMMIND INC,05/20/2013
7,94108,,650 CALIFORNIA ST 12TH FL,-122.405143634,7389,,RECOMMIND INC,37.792587997,RECOMMIND INC,03/01/2011
7,94107,07/31/2014,300 BRANNAN ST 608,-122.392378656,7389,,RECURLY INC,37.781624036,RECURLY INC,07/01/2010
,94110,,400 ALABAMA ST 202,-122.41227403,,,RECURLY INC,37.763826842,RECURLY INC,08/01/2014
7,94102,,575 SUTTER ST 201,-122.409756218,8071,,RED HOT LABS INC,37.789043578,RED HOT LABS INC,03/01/2012
7,94111,,260 CALIFORNIA ST 200,-122.39976363,7389,,RESILIENT NETWORK SYSTEMS INC,37.793287432,RESILIENT NETWORK SYSTEMS INC,12/01/2010
,94108,,251 KEARNY ST #520,-122.404022464,,,REV.COM INC,37.790573809,REV.COM INC,06/01/2014
7,94108,05/31/2014,461 BUSH ST 4TH FL,-122.405147091,7389,,REV.COM INC,37.790593397,REV.COM INC,08/03/2012
7,94105,,88 1ST ST 2ND FL,-122.397766726,7389,,REVEL SYSTEMS INC,37.789897419,REVEL SYSTEMS INC,09/15/2010
7,94129,,1 LETTERMAN DR BLDG C CM,-122.462538683,7389,,REVINATE INC,37.796048991,REVINATE INC,09/03/2012
7,94110,06/25/2015,76 ELLSWORTH ST,-122.414454071,7389,06/25/2015,RIDEPAL INC,37.74195443,RIDEPAL INC,04/01/2011
,94104,,225 BUSH ST 12TH FL,-122.40165614,,,RINGDNA INC,37.791042908,RINGDNA INC,11/06/2014
,94107,,210 CLARA ST,-122.402718081,,,RIP VAN WAFELS INC,37.779223833,RIP VAN WAFELS INC,09/01/2013
7,94105,,118 2ND ST 2ND FL,-122.399431998,7389,,RIPPLE LABS INC,37.787688608,RIPPLE LABS INC,01/28/2014
,94619,,300 MONTGOMERY ST 1200,-122.402480388,,,RIPPLE LABS INC,37.792014265,RIPPLE LABS INC,09/01/2014
7,94111,,1 FERRY BLDG 255,-122.391958951,7389,,RISE CAPITAL MANAGEMENT LLC,37.795461804,RISE CAPITAL MANAGEMENT LLC,02/18/2014
,94110,,180 CAPP ST #6,-122.418598269,,,RISE LABS INC,37.763834143,RISE LABS INC,06/04/2013
,94158,,455 MISSION BAY BLVD,-122.388686565,,,ROCK HEALTH INC,37.771096622,ROCK HEALTH INC,12/01/2013
7,94108,12/31/2013,615 GRANT AVE 3RD FL,-122.406003236,7389,,ROCK HEALTH INC,37.792813845,ROCK HEALTH INC,03/28/2011
7,94127,,220 MONTGOMERY ST 917,-122.402297788,8111,,ROCKET LAWYER INCORPORATED,37.791152774,ROCKET LAWYER INCORPORATED,08/01/2009
7,94103,11/02/2014,208 UTAH ST 300,-122.406663494,7389,,ROCKYOU INC,37.766797626,ROCKYOU INC,06/18/2012
,94107,,303 SECOND ST SOUTH TOWER ST #200,-122.396350571,,,ROCKYOU INC,37.785294053,ROCKYOU INC,11/03/2014
,94107,,414 BRANNAN ST,-122.394727006,,,ROLLBAR INC,37.779813801,ROLLBAR INC,08/15/2012
13,94103,03/31/2015,151 10TH ST,-122.415019841,3670,03/31/2015,ROMOTIVE INC,37.774583594,ROMOTIVE INC,07/01/2013
7,94107,,334 BRANNAN ST 1ST FLR,-122.392837264,7389,,RUBICON MEDIA LLC,37.781254153,RUBICON MEDIA LLC,01/01/2009
7,94107,,425 2ND ST 415,-122.394660174,7370,,RUNSCOPE INC,37.783933209,RUNSCOPE INC,03/01/2013
13,94107,,953 INDIANA ST,-122.391244811,5008,,SANO INTELLIGENCE INC,37.758744328,SANO INTELLIGENCE INC,01/23/2012
7,94107,,500 THIRD ST 240,-122.395789995,7389,,SAUCE LABS INC,37.781229508,SAUCE LABS INC,01/31/2010
,94124,,539 BRYANT ST,-122.396914552,,,SAUCE LABS INC,37.780426182,SAUCE LABS INC,08/29/2008
,94105,,171 2ND ST 400,-122.398711597,,,SCHOOLMINT INC,37.787194166,SCHOOLMINT INC,10/13/2014
7,94111,10/12/2014,565 COMMERCIAL ST 200,-122.402646639,8200,,SCHOOLMINT INC,37.794233456,SCHOOLMINT INC,11/11/2013
7,94105,,580 HOWARD ST 402,-122.397858908,7389,,SCOOP IT INC,37.787143466,SCOOP IT INC,09/01/2012
7,94107,,539 BRYANT ST 200,-122.39699124,7389,,SCRIBD,37.780366896,SCRIBD.COM,07/01/2009
,94107,,135 STILLMAN ST,-122.397271245,,,SCRIPTED INC,37.781037524,SCRIPTED INC,01/16/2015
7,94103,,379 CLEMENTINA ST A,-122.403370272,7389,,SCRIPTED INC,37.781097443,SCRIPTED INC,07/20/2011
,94105,03/31/2014,181 FREMONT ST,-122.395540517,,,SCRYBE INC,37.789594369,SCRYBE INC,08/28/2011
7,94107,,939 HARRISON ST,-122.40273219,7389,,SCRYBE INC,37.778299961,SCRYBE INC,04/01/2014
13,94105,,201 MISSION ST 1940,-122.395090763,2735,,SEAL SOFTWARE INC,37.791717745,SEAL SOFTWARE INC,07/22/2013
7,94111,,415 JACKSON ST B,-122.402285975,7389,,SEEDCHANGE EXECUTION SRVCS INC,37.796543781,SEEDCHANGE EXECUTION SRVCS INC,01/15/2014
,94103,,101 15TH ST,-122.402117742,,,SEGMENT.IO INC,37.767393355,SEGMENT.IO INC,03/01/2015
,94105,02/28/2015,142 MINNA ST 2ND FL,-122.400388167,,,SEGMENT.IO INC,37.786753994,SEGMENT.IO INC,07/01/2014
7,94107,06/30/2014,461 2ND ST 207,-122.393951521,7389,,SEGMENT.IO INC,37.783363981,SEGMENT.IO INC,07/01/2013
15,94158,,301 KING ST 807,-122.394141647,8911,,SENSOR TOWER INC,37.775987073,SENSOR TOWER INC,09/10/2013
,94111,,1 CALIFORNIA ST #2300,-122.396515348,,,SENTIENT TECHNOLOGIGES (USA) LLC,37.793613528,SENTIENT TECHNOLOGIES (USA) LLC,07/10/2015
,94105,07/10/2015,160 SPEAR ST 1600,-122.393188634,,,SENTIENT TECHNOLOGIGES (USA) LLC,37.791797,SENTIENT TECHNOLOGIES (USA) LLC,11/20/2014
7,94110,,1121 POTRERO AVE,-122.406375423,7690,,ROSS STEPHANIE,37.753943922,SEQUENCE CONSULTING SERVICES,03/23/2014
7,94107,,1501 MARIPOSA ST 200,-122.398928226,7389,,SEQUENCE LLC,37.763693378,SEQUENCE LLC,08/10/2010
,94105,,530 HOWARD ST 370,-122.396897905,,,SEWORKS INC,37.787914342,SEWORKS INC,12/15/2014
7,94103,,508 14TH ST A,-122.42486148,7389,,SHARE PRACTICE INC,37.768017892,SHARE PRACTICE INC,01/01/2013
7,94124,,1750 CESAR CHAVEZ ST J,-122.394851453,7389,,SHASTA CRYSTALS INC,37.749868301,SHASTA CRYSTALS INC,12/17/2012
7,94107,,38 BLUXOME ST 4TH FL,-122.396767697,7389,,SHOPSAVVY INC,37.776973426,SHOPSAVVY INC,11/08/2011
,94104,,580 MARKET ST 4TH FLOOR,-122.401307649,,,SHOWPAD INC,37.789354069,SHOWPAD INC,01/05/2015
7,94108,01/05/2015,59 GRANT AVE 4TH FL,-122.405043385,7389,,SHOWPAD INC,37.787564049,SHOWPAD INC,11/25/2013
,94105,,95 MINNA ST 2ND FL,-122.399111809,,,SHUDDLE INC,37.787687375,SHUDDLE INC,06/01/2014
,94124,,1550 CARROLL AVE,-122.392429901,,,SHYP INC,37.724463734,SHYP INC,11/01/2013
,94105,,585 HOWARD ST 3,-122.397710264,,,SHYP INC,37.787187252,SHYP INC,06/01/2015
,94103,06/14/2015,755 BRANNAN ST,-122.402071065,,,SHYP INC,37.773907428,SHYP INC,11/01/2013
7,94104,,360 PINE ST 6TH FL,-122.401992143,7398,,SIDE.CR LLC,37.7920084,SIDE.CR LLC,06/15/2012
,94105,,123 MISSION ST 1500,-122.394571448,,,SIFT SCIENCE INC,37.792137455,SIFT SCIENCE INC,07/14/2014
7,94105,07/11/2014,625 MARKET ST 200,-122.401841194,7389,,SIFT SCIENCE INC,37.788847691,SIFT SCIENCE INC,12/13/2012
7,94158,,409 ILLINOIS ST 5032,-122.388055295,7389,,SILURIA TECHNOLOGIES CORP,37.7661535,SILURIA TECHNOLOGIES CORP,08/15/2009
,94103,,95 FEDERAL ST B,-122.412419044,,,SINGULAR LABS INC,37.774467349,SINGULAR LABS INC,02/01/2015
7,94108,,133 KEARNY ST 203,-122.403773571,7389,,SIXDOORS INC,37.789274035,SIXDOORS INC,03/01/2013
7,94111,,1 FERRY BUILDING 255,-122.391958951,7389,,"SKIMBLE, INC",37.795461804,SKIMBLE INC,07/15/2013
,94107,,2230 3RD ST,-122.388763948,,,SKULLY HELMETS INC,37.761248236,SKULLY HELMETS INC,09/01/2014
,94107,,333 BRYANT ST #330,-122.392281859,,,SKULPT INC,37.784047455,SKULPT INC,05/01/2014
,94103,06/01/2014,1355 MARKET ST 488,-122.416701021,,,SKYCATCH INC,37.77716701,SKYCATCH INC,02/04/2013
,94107,,524 3RD ST,-122.395437508,,,SKYCATCH INC,37.780960711,SKYCATCH INC,06/01/2014
,94102,12/04/2014,205 JONES ST #216,-122.412483669,,,SULLIVAN MICHAEL H,37.783214185,SKYSCRAPER WINDOW CLEANING MAINTENANCE,09/02/2014
,94107,,680 FOLSOM ST 145,-122.398257598,,,SLACK TECHNOLOGIES INC,37.78437338,SLACK TECHNOLOGIES INC,07/23/2014
,94105,,88 1st ST 515,-122.397766726,,,SLICED INVESTING INC,37.789897419,SLICED INVESTING INC,08/31/2014
1,94108,,240 STOCKTON ST 10TH FL,-122.406665798,7310,,SMAATO INC,37.788157474,SMAATO INC,10/01/2011
7,94105,02/28/2015,121 2ND ST 200,-122.399330372,7389,,SMARTSHOOT INC,37.787673515,SMARTSHOOT INC,07/23/2012
,94105,,121 2ND ST #300,-122.399330372,,,SMARTSHOOT INC,37.787673515,SMARTSHOOT INC,03/01/2015
7,94107,12/31/2014,139 TOWNSEND ST 200,-122.391470658,7389,,SMULE INC,37.779847217,SMULE INC,04/15/2012
,94107,,139 TOWNSEND ST 300,-122.391470658,,,SMULE INC,37.779847217,SMULE INC,01/01/2015
7,94107,,660 4TH ST 462,-122.395607054,7389,,SNAPCARD INC,37.777550317,SNAPCARD INC,02/15/2014
,94105,,123 MISSION ST 12,-122.394571448,,,SOCIALCHORUS INC,37.792137455,SOCIALCHORUS INC,06/30/2014
7,94103,,703 MARKET ST 470,-122.403741307,7389,,SOCIALCHORUS INC,37.787396968,SOCIALCHORUS INC,01/01/2013
,94107,,450 TOWNSEND ST 223,-122.398488285,,,SOCIALSCOPE INC,37.774394877,SOCIALSCOPE INC,01/01/2015
1,94103,,301 VERMONT ST,-122.404582898,7310,,SOCIALWIRE INC,37.765874573,SOCIALWIRE INC,03/18/2012
1,94105,,580 HOWARD ST 102,-122.397858908,7310,,SOJERN INC,37.787143466,SOJERN INC,01/01/2011
,94109,,1000 VAN NESS AVE 104,-122.421103486,,,SOL REPUBLIC INC,37.784853678,SOL REPUBLIC INC,10/01/2014
7,94103,,1375 MISSION ST,-122.415531455,7389,,SOL REPUBLIC INC,37.775537683,SOL REPUBLIC INC,06/01/2012
,94105,,28 2ND ST 3038,-122.401027683,,,SOLIO INC,37.788916827,SOLIO INC,10/03/2013
,94107,,212 CLARA ST,-122.40277737,,,SOURCERY TECHNOLOGIES INC,37.779174414,SOURCERY TECHNOLOGIES INC,01/01/2013
8,94107,,2196 3RD ST,-122.388809603,5495,,SPENDGO INC,37.761883335,SPENDGO INC,05/15/2012
,94103,,33 NORFOLK ST,-122.413874473,,,NANOSATISFI INC,37.771076048,SPIRE GLOBAL,09/01/2014
,94103,,33 NORFOLK ST,-122.413874473,,,NANOSATISFI INC,37.771076048,SPIRE GLOBAL,09/01/2014
7,94105,09/22/2014,182 2ND ST 200,-122.398477684,7389,,SPLICE MACHINE INC,37.786937207,SPLICE MACHINE INC,06/01/2012
,94105,,612 HOWARD ST #300,-122.39869777,,,SPLICE MACHINE INC,37.786484361,SPLICE MACHINE INC,09/23/2014
7,94107,,660 4TH ST 161,-122.395607054,7389,,SPLURGY INC,37.777550317,SPLURGY INC,01/03/2012
7,94107,,625 2ND ST 280,-122.391410739,7389,,SPRINGSHOT INC,37.781373991,SPRINGSHOT INC,02/01/2012
7,94102,,1540 MARKET ST 425,-122.419837532,7389,,SQLSTREAM INC,37.774764502,SQLSTREAM INC,05/08/2012
7,94107,,185 BERRY ST 5503,-122.393150685,7389,,STATION X INC,37.775886825,STATION X INC,01/01/2013
7,94103,,1663 MISSION ST 720,-122.41948839,7389,,STITCH LABS INC,37.771258109,STITCH LABS INC,12/01/2013
7,94103,,1663 MISSION ST 720,-122.41948839,7389,,STITCH LABS INC,37.771258109,STITCH LABS INC,12/01/2013
7,94107,12/31/2013,181 SOUTH PARK ST 5,-122.394710874,7389,,STOREHOUSE MEDIA INC,37.780956865,STOREHOUSE MEDIA INC,07/18/2013
,94107,07/08/2014,512 2ND ST FL 1,-122.393407752,,,STOREHOUSE MEDIA INC,37.782866783,STOREHOUSE MEDIA INC,01/01/2014
8,94102,,988 MARKET ST 600,-122.409841148,5995,,STORENVY INC,37.782647091,STORENVY INC,09/01/2013
7,94107,,500 3RD ST 110,-122.395789995,7389,,STRAVA INC,37.781229508,STRAVA INC,11/01/2009
,94107,10/12/2014,260 KING ST #1209,-122.393493432,,,STRIDE HEALTH INC,37.777006099,STRIDE HEALTH INSURANCE SERVICES,05/17/2013
,94110,,400 ALABAMA ST,-122.41227403,,,STRIDE HEALTH INC,37.763826842,STRIDE HEALTH INSURANCE SERVICES,10/13/2014
,94116,,2695 44TH AVE,-122.50211391,,,STRUT THE MUTT LLC,37.736428086,STRUT THE MUTT,09/02/2014
7,94103,,443 TEHAMA ST,-122.405351045,7389,,STUDYBLUE INC,37.780277018,STUDYBLUE INC,09/04/2012
7,94105,,595 MARKET ST 29TH FL,-122.401110648,7389,,SUNRUN INC,37.789437659,SUNRUN INC,10/07/2013
7,94103,,123 10TH ST,-122.415360917,7389,,SURF CANYON INCORPORATED,37.774873969,SURF CANYON INCORPORATED,01/01/2012
7,94107,,855 FOLSOM ST 108,-122.402700797,7389,,SURVATA INC,37.78079785,SURVATA INC,07/01/2013
,94104,,333 BUSH ST 1650,-122.403166318,,,SWIFTSTACK INC,37.790843443,SWIFTSTACK INC,01/16/2015
7,94107,01/16/2015,340 BRANNAN ST 501,-122.393037761,7389,,SWIFTSTACK INC,37.781093986,SWIFTSTACK INC,04/01/2013
7,94103,,301 RHODE ISLAND ST B10,-122.402615528,7389,,SWIFTYPE INC,37.765834318,SWIFTYPE INC,08/01/2012
7,94105,,575 MARKET ST,-122.400660105,7389,,SWRVE NEW MEDIA INC,37.789828282,SWRVE NEW MEDIA INC,04/01/2013
7,94107,,953 INDIANA ST,-122.391244811,7389,,SYMIC BIOMEDICAL INC,37.758744328,SYMIC BIOMEDICAL INC,11/04/2013
,94103,,1045 BRYANT ST RM 200,-122.407481614,,,SNEAKPEEQ INC,37.772077381,SYMPHONY COMMERCE INC,09/01/2014
7,94107,,501 DELANCEY ST 406,-122.391013185,7389,,SYNATA INC,37.784974343,SYNATA INC,12/26/2012
,94110,,290 DIVISION ST #405,-122.408866705,,,CUREBIT INC,37.769214431,TALKABLE INC,03/01/2015
7,94107,,164 TOWNSEND ST 5,-122.391947703,7389,,TAPINGO INC,37.779544167,TAPINGO INC,06/01/2012
7,94104,,111 SUTTER ST 13TH FL,-122.402556761,7389,,TAPJOY INC,37.789943511,TAPJOY INC,02/15/2011
,94111,,22 BATTERY ST 11TH,-122.399595397,,,TAPTERA INC,37.791546335,TAPTERA INC,08/16/2011
7,94107,08/06/2014,300 BRANNAN ST 501,-122.392378656,7389,,TAPTERA INC,37.781624036,TAPTERA INC,02/28/2012
7,94107,,425 2ND ST,-122.394660174,7389,,TASKRABBIT INC,37.783933209,TASKRABBIT INC,06/01/2011
7,94105,11/06/2014,580 HOWARD ST 303,-122.397858908,7389,11/06/2014,TASTEMAKER INC,37.787143466,TASTEMAKER INC,09/04/2012
7,94105,,201 MISSION ST 900,-122.395090763,7389,,TAULIA INC,37.791717745,TAULIA INC,07/01/2013
7,94108,,360 POST ST STE 1100,-122.407602603,7389,,TECHNORATI INC,37.788417889,TECHNORATI INC,09/10/2010
,94108,,251 POST ST #525,-122.406065459,,,TELEBORDER INC,37.788573447,TELEBORDER INC,12/01/2013
7,94107,,101 TOWNSEND ST 209,-122.390681345,7389,,TENXER INC,37.780467145,TENXER INC,09/01/2011
,94111,06/24/2014,4 EMBARCADERO CENTER  2200,-122.396182338,,,ORIGIN CLIMATE INC,37.795108038,TERRAPASS INC,06/16/2014
7,94105,06/16/2014,527 HOWARD ST FL 4,-122.396691647,7370,,ORIGIN CLIMATE INC,37.787997307,TERRAPASS INC,07/15/2009
7,94102,,180 REDWOOD ST 200,-122.419903212,7389,,THANX INC,37.780628464,THANX INC,05/01/2014
,94107,,444 TOWNSEND ST 5,-122.398217268,,,THE LEAGUE APP INC,37.774604335,THE LEAGUE APP INC,11/12/2014
7,94111,,408 JACKSON ST,-122.402102762,7389,,THE ONE-PAGE COMPANY INC,37.796627897,THE ONE-PAGE COMPANY INC,05/25/2012
8,94103,,1355 MARKET ST 488,-122.416701021,5495,,THE ORANGE CHEF COMPANY,37.77716701,THE ORANGE CHEF COMPANY,03/25/2013
8,94107,,188 KING ST 605,-122.391627368,5495,,THREADFLIP INC,37.778484068,THREADFLIP INC,02/01/2012
8,94107,,75 FEDERAL ST,-122.392402854,5495,,TICKETFLY INC,37.78318653,TICKETFLY INC,03/01/2012
7,94107,,340 BRANNAN ST 104,-122.393037761,7389,,TIDEPOOL INC,37.781093986,TIDEPOOL TECHNOLOGY INC,07/10/2012
,94107,,370 TOWNSEND ST,-122.39659716,,,TILT.COM INC,37.775883368,TILT.COM INC,07/31/2014
,94107,06/30/2014,175 BLUXOME ST 332,-122.400019437,,06/30/2014,TIMBUKTU LABS INC,37.774348528,TIMBUKTU LABS INC,03/01/2013
7,94107,06/30/2014,77 BLUXOME ST 209,-122.397290833,7389,06/30/2014,TIMBUKTU LABS INC,37.776476793,TIMBUKTU LABS INC,03/01/2014
7,94104,,1 BUSH ST 700,-122.399665686,7389,,TINYCO INC,37.791313574,TINYCO INC,02/27/2009
7,94115,,2845 CALIFORNIA ST,-122.441175486,7389,,"TIVIX, INC",37.78795352,TIVIX INC,03/01/2014
7,94104,,221 PINE ST 5TH FL,-122.400035569,7389,,TOUTAPP INC,37.792192765,TOUTAPP INC,10/01/2011
,94114,,3180 17TH ST,-122.416886739,,,TOWNSQUARED INC,37.76361338,TOWNSQUARED INC,02/01/2013
7,94105,,74 TEHAMA ST,-122.39709725,7389,,TOYTALK INC,37.786863461,TOYTALK INC,10/27/2011
7,94110,,1 MARKET ST SPEAR TOWER 35TH FL,-122.417307176,7389,,TRADEHILL INC,37.752785771,TRADEHILL INC,03/18/2013
7,94105,,500 3RD ST,-122.395789995,7389,,TRADESHIFT INC,37.781229508,TRADESHIFT INC,01/10/2012
,94107,,148 TOWNSEND ST,-122.391778317,,,TRAILERPOP INC,37.779683593,TRAILERPOP INC,01/01/2015
7,94105,,150 SPEAR ST 14TH FL,-122.393378837,7389,,TRAILERPOP INC,37.791957699,TRAILERPOP INC,12/04/2012
,94107,03/23/2014,290 KING ST 0-10,-122.394118602,,,TRIFACTA INC,37.776494077,TRIFACTA INC,09/01/2012
7,94105,,575 MARKET ST 11TH FL,-122.400660105,7389,,TRIFACTA INC,37.789828282,TRIFACTA INC,03/24/2014
1,94108,,1535 MISSION STREET,-122.417732888,7310,,TRIGGIT INC,37.773766014,TRIGGIT INC,01/01/2011
,94107,,148 TOWNSEND ST #26,-122.391778317,,,TRUEACCORD CORP.,37.779683593,TRUEACCORD CORP,07/14/2014
7,94102,07/14/2014,400 PAGE ST 108,-122.427682266,7389,,TRUEACCORD CORP.,37.773438226,TRUEACCORD CORP,06/07/2013
7,94103,,2525 16TH ST 311,-122.411907528,7389,,TUNEUP MEDIA INC,37.765493243,TUNEUP MEDIA INC,10/11/2010
,94107,,645 HARRISON ST 3RD FL,-122.395971471,,,TWILIO INC,37.783657813,TWILIO INC,01/01/2009
7,94105,12/31/2013,650 MISSION ST 3RD FLR,-122.400968917,7389,12/31/2013,TWIST AND SHOUT INC,37.787103136,TWIST AND SHOUT INC,06/06/2011
,94158,,455 Mission Bay Blvd South Suite 545,-122.388513576,,,TWIST BIOSCIENCE CORPORATION,37.770719109,TWIST BIOSCIENCE CORPORATION,07/29/2014
7,94107,07/28/2014,974 RHODE ISLAND ST,-122.401943747,7389,,TWIST BIOSCIENCE CORPORATION,37.757527518,TWIST BIOSCIENCE CORPORATION,04/15/2013
7,94103,,1355 MARKET ST STE 900,-122.416701021,7370,,TWITTER INC,37.77716701,TWITTER INC,06/11/2012
,94107,,27 SOUTH PARK 101,-122.393240563,,,TYPESAFE INC,37.781898279,TYPESAFE INC,09/01/2012
,94105,,625 MARKET ST 1000,-122.401841194,,,TYPESAFE INC,37.788847691,TYPESAFE INC,09/01/2014
,94107,,360 3RD ST 400,-122.398275955,,,UDEMY INC,37.783213514,UDEMY INC,07/28/2014
7,94107,07/27/2014,425 2ND ST 250,-122.394660174,7389,,UDEMY INC,37.783933209,UDEMY INC,06/01/2011
7,94105,,543 HOWARD ST 5TH FL,-122.396901362,7389,,UNIVERSITYNOW INC,37.787826769,UNIVERSITYNOW INC,03/01/2012
7,94107,,599 3RD ST 210,-122.394451611,7389,,UPOUT INC,37.780253973,UPOUT INC,04/01/2012
8,94131,,1598 SANCHEZ ST,-122.428914056,5495,,UPSIDE MARKETS LLC,37.743686309,UPSIDE MARKETS,06/26/2014
13,94110,,622 TREAT AVE,-122.413763854,2000,,AP VIN LLC,37.760336782,UPSIDE WINES,10/25/2013
,94124,,96 PIER  1,-122.383505403,,,UPSIDE DOWN PRODUCTIONS INC,37.745879228,UPSIDE DOWN PRODUCTIONS INC,09/17/2014
7,94108,,58 MAIDEN LN 3RD FL,-122.404464549,7389,,URBANSITTER INC,37.788308344,URBANSITTER INC,02/17/2012
7,94107,,410 TOWNSEND ST 400,-122.397707959,7389,,USTREAM INC,37.775013395,USTREAM INC,04/11/2012
7,94103,,1550 BRYANT ST 545,-122.410704546,7389,,UVERSITY INC,37.76757772,UVERSITY INC,02/10/2014
,94102,,870 MARKET ST #617,-122.407157396,,,VALOR WATER ANALYTICS INC,37.784733947,VALOR WATER ANALYTICS INC,11/12/2013
7,94111,12/31/2013,20 CALIFORNIA STREET 7TH FLOOR,-122.396893296,7389,12/31/2013,VAXART INC,37.793618137,VAXART INC,03/01/2011
7,94105,,1 SPEAR TOWER ONE MARKET ST 1400,-122.395622653,7389,,VELTI USA INC,37.793709874,VELTI USA INC,09/30/2011
7,94111,,150 CALIFORNIA ST 450,-122.398441963,7389,,VELTI USA INC,37.7934476,VELTI USA INC,01/02/2010
,94111,,22 BATTERY ST 320,-122.399595397,,,VENTUREBEAT INC,37.791546335,VENTUREBEAT INC,07/01/2014
7,94111,06/30/2014,50 CALIFORNIA ST 3270,-122.3972225,7389,,VENTUREBEAT INC,37.793577915,VENTUREBEAT INC,01/01/2010
7,94111,,77 BATTERY ST 400,-122.39975326,7389,,VIAGOGO INC,37.791984202,VIAGOGO INC,02/27/2014
,94105,,633 HOWARD ST,-122.399059586,,,VIDA HEALTH INC,37.786117935,VIDA HEALTH INC,05/28/2015
7,94107,,420 BRYANT ST 3RD FLR,-122.394198109,7389,,VIGLINK INC,37.782673765,VIGLINK INC,09/01/2009
,94110,03/16/2010,1890 BRYANT ST 208,-122.410324293,,03/16/2010,VINFOLIO INC,37.763287775,VINFOLIO INC,01/01/2007
7,94107,01/31/2014,767 BRYANT ST,-122.401769753,7389,,VIROOL INC,37.776587412,VIROOL INC,01/01/2013
,94103,,972 MISSION ST 5TH,-122.408117785,,,VOLO BROADBAND INC,37.781473986,VOLO BROADBAND INC,06/01/2014
,94107,10/31/2014,144 KING ST,-122.390753099,,,VOLTA INDUSTRIES LLC,37.77916569,VOLTA INDUSTRIES LLC,01/13/2014
,94107,,1500 17TH ST,-122.39901119,,,VOLTA INDUSTRIES LLC,37.765038091,VOLTA INDUSTRIES LLC,02/24/2015
,94107,,185 CLARA ST 100,-122.40216081,,,VUNGLE INC,37.779587009,VUNGLE INC,06/16/2014
7,94107,,514 BRYANT ST,-122.396298719,7310,,VUNGLE INC,37.780983367,VUNGLE INC,05/01/2013
7,94105,05/31/2014,131 STEUART ST 700,-122.392650595,7389,,WALKME INC,37.792863393,WALKME INC,09/27/2012
,94103,,22 FOURTH ST FLR 14,-122.405357832,,,WALKME INC,37.785387803,WALKME INC,06/01/2015
,94104,06/01/2015,350 SANSOME ST #500,-122.401155587,,,WALKME INC,37.793766782,WALKME INC,06/01/2014
,94121,,5758 GEARY BLVD #545,-122.481350944,,,WALKSOURCE INC,37.780327719,WALKSOURCE INC,04/17/2015
7,94104,,180 SANSOME ST,-122.400785704,7389,,WANDERA INC,37.791886258,WANDERA INC,04/01/2013
7,94110,,3440 24TH ST 6,-122.421370067,7389,,WANELO INC,37.752108337,WANELO INC,06/01/2011
,94103,,363 CLEMENTINA ST 1,-122.403030349,,,WANELO INC,37.781377448,WANELO INC,10/01/2014
8,94112,,1545 OCEAN AVE,-122.458904494,5495,,WATERFALL WELLNESS CO-OP INC,37.724433985,WATERFALL WELLNESS,03/03/2014
7,94103,,564 6TH ST 2ND FL,-122.401577322,7389,,WATERFALL MOBILE INC,37.775287638,WATERFALL MOBILE INC,03/08/2012
,94104,,345 CALIFORNIA ST 10,-122.400486111,,,WAYSGO CORPORATION,37.793143397,WAYSGO CORPORATION,05/01/2014
7,94104,06/30/2013,564 MARKET ST 602B,-122.401059753,7389,,WAYSGO CORPORATION,37.78956319,WAYSGO TECHNOLOGIES CORP,05/16/2011
7,94107,06/30/2013,645 HARRISON ST,-122.395971471,7389,,WAYSGO CORPORATION,37.783657813,WAYSGO TECHNOLOGIES CORP,12/17/2012
7,94105,07/31/2014,217 2ND ST 5TH FL,-122.397770183,7389,,WEARABLE INTELLIGENCE INC,37.78643366,WEARABLE INTELLIGENCE INC,07/17/2013
,94107,,425 2ND ST #300,-122.394660174,,,WEARABLE INTELLIGENCE INC,37.783933209,WEARABLE INTELLIGENCE INC,08/01/2014
,94104,,381 BUSH ST 6TH,-122.403756287,,,WEDDING SPOT INC,37.790773153,WEDDING SPOT INC,06/15/2013
7,94123,07/05/2015,1702 UNION ST,-122.427463333,7389,,WEDDINGTON WAY INC,37.798137387,WEDDINGTON WAY INC,11/04/2011
,94102,,560 SUTTER ST 200,-122.409543046,,,WEDDINGTON WAY INC,37.789127695,WEDDINGTON WAY INC,07/06/2015
,94107,,460 BRYANT ST #100,-122.394948245,,,WEEBLY INC,37.782064207,WEEBLY INC,08/18/2014
7,94133,08/17/2014,564 PACIFIC AVE,-122.404500056,7389,,WEEBLY INC,37.797217384,WEEBLY INC,09/01/2011
7,94133,08/17/2014,564 PACIFIC AVE,-122.404500056,7389,,WEEBLY INC,37.797217384,WEEBLY INC,09/01/2011
7,94103,,1550 BRYANT ST 590,-122.410704546,7389,,WELLNESSFX INC,37.76757772,WELLNESSFX INC,03/01/2011
7,94110,,3180 18TH ST 102,-122.414571604,7389,,WHISTLE LABS INC,37.762158539,WHISTLE LABS INC,09/20/2013
7,94107,,185 BERRY ST 2400,-122.393150685,7389,,WHITETRUFFLE INC,37.775886825,WHITETRUFFLE INC,07/16/2012
,94107,,360 3RD ST 750,-122.398275955,,,WIKIA INC,37.783213514,WIKIA INC,12/05/2014
7,94107,,500 THIRD ST 405,-122.395789995,7389,,WIKIA INC,37.781229508,WIKIA INC,05/01/2008
7,94105,,149 NEW MONTGOMERY ST 3RD FL,-122.399680666,7389,,WIKIMEDIA FOUNDATION INC,37.786803543,WIKIMEDIA FOUNDATION INC,01/01/2010
,94108,,210 POST ST #722,-122.40548846,,,WESTERN INTERCULTURAL STDY HD,37.788697858,WISH INTERNATIONAL USA,12/01/2013
7,94107,03/06/2015,620 FOLSOM ST 100,-122.39736819,7389,03/06/2015,WITSBITS INC,37.785083603,WITSBITS INC,11/01/2013
7,94105,,118 2ND ST 6TH FL,-122.399431998,7389,,WORK4 LABS INC,37.787688608,WORK4 LABS INC,02/15/2012
7,94111,,394 PACIFIC AVE,-122.401793951,7389,,XAMARIN INC,37.797577378,XAMARIN INC,11/01/2013
7,94111,,840 BATTERY ST,-122.401115257,7389,,XOLA INC,37.799187115,XOLA INC,01/01/2013
,94105,,44 TEHAMA ST,-122.396457734,,,YARD CLUB INC,37.78738314,YARD CLUB INC,01/01/2015
,94107,,625 2ND ST,-122.391410739,,,YARD CLUB INC,37.781373991,YARD CLUB INC,09/03/2013
7,94105,,140 NEW MONTGOMERY ST 9F,-122.39986108,7370,,YELP INC,37.786886097,YELP INC,10/01/2013
7,94109,05/08/2015,66 CLEARY CT 810,-122.427012791,7880,05/08/2015,KINTZER MAURA,37.784038066,YELP IF YOU NEED HELP,10/05/2009
,94105,,650 MISSION ST 1ST FL,-122.400968917,,,YIDIO LLC,37.787103136,YIDIO LLC,08/20/2010
,94105,,973 MARKET ST,-122.409792371,,,"LIFE BEFORE US, INC.",37.782609336,YO JUST YO,09/01/2014
7,94105,02/26/2014,201 MISSION ST 2250,-122.395090763,7389,,YOLA INC,37.791717745,YOLA INC,12/20/2012
7,94111,12/19/2012,394 PACIFIC AVE 5TH FL,-122.401793951,7389,,YOLA INC,37.797577378,YOLA INC,06/01/2010
,94111,,545 SANSOME ST 900,-122.40162234,,,YOLA INC,37.795520838,YOLA INC,03/18/2014
7,94107,,101 SOUTH PARK,-122.393881232,7389,,YOUNOODLE INC,37.781367077,YOUNOODLE INC,09/13/2010
7,94107,,330 TOWNSEND ST 1,-122.395818217,7389,,YOUNOODLE INC,37.776494077,YOUNOODLE INC,11/29/2012
7,94103,,14 MINT PLAZA 400,-122.407822268,7389,,ZAARLY INC,37.782694751,ZAARLY INC,04/01/2011
,94103,,1019 MARKET ST,-122.410700578,,,ZENDESK INC,37.781887746,ZENDESK INC,01/01/2015
7,94103,,989 MARKET ST 300,-122.410060132,7389,,ZENDESK INC,37.782394271,ZENDESK INC,08/05/2011
7,94103,,325 9TH ST,-122.411151631,7389,,ZENDRIVE INC,37.773443987,ZENDRIVE INC,12/19/2013
1,94110,,3001 19TH ST 201,-122.411919051,6411,,YOURPEOPLE INC,37.760363284,ZENEFITS INSURANCE SERVICES,09/13/2013
1,94110,,3001 19TH ST 201,-122.411919051,6411,,YOURPEOPLE INC,37.760363284,ZENEFITS FTW INSURANCE SRVS,09/20/2013
1,94114,,650 CHURCH ST 3,-122.428334458,6411,,YOURPEOPLE INC,37.760367893,ZENEFITS INSURANCE SERVICES,01/31/2013
7,94107,,21 STILLMAN ST 6,-122.394640585,7389,,ZENPAYROLL INC,37.783097804,ZENPAYROLL INC,11/18/2011
7,94107,,425 2ND ST 602,-122.394660174,7389,,ZENPAYROLL INC,37.783933209,ZENPAYROLL INC,02/24/2014
7,94105,,450 MISSION ST 201,-122.397347295,7370,,ZEPHYR HEALTH INC,37.789994211,ZEPHYR HEALTH INC,04/07/2014
,94105,04/06/2014,589 HOWARD ST 3RD FL,-122.397840472,,,ZEPHYR HEALTH INC,37.787077786,ZEPHYR HEALTH INC,07/28/2011
7,94111,,244 JACKSON ST,-122.399947288,7389,,ZIGNAL LABS INC,37.79690719,ZIGNAL LABS INC,01/01/2014
7,94111,09/01/2014,120 GREEN ST 314,-122.401762839,7389,,ZIPONGO INC,37.800447712,ZIPONGO INC,12/30/2011
,94111,,99 GREEN ST 300,-122.401065709,,,ZIPONGO INC,37.800473062,ZIPONGO INC,09/01/2014
7,94111,04/21/2012,230 CALIFORNIA ST 230,-122.399293499,7389,,ZIPZAP INC,37.793357722,ZIPZAP INC,07/01/2011
,94133,,31 WATER ST 2,-122.413895426,,,ZIPZAP INC,37.804316563,ZIPZAP INC,05/01/2015
,94107,,350 TOWNSEND ST 210,-122.396318056,,,ZIRX CONSUMER SERVICES INC,37.776104434,ZIRX CONSUMER SERVICES INC,03/01/2015
7,94117,,645 HAIGHT ST 16,-122.432845641,7370,,ZIVITY LLC,37.771773179,ZIVITY LLC,07/17/2013
7,94103,,989 MARKET ST,-122.410060132,7389,,ZOOSK INC,37.782394271,ZOOSK INC,08/01/2012
,94127,,1920 OCEAN AVE,-122.463068841,,,ZOZI'S LOFT LLC,37.725607008,ZOZI'S LOFT LLC,02/01/2015
8,94103,12/31/2014,235 9TH ST,-122.412500953,5712,,ZOZI'S LOFT LLC,37.774493716,ZOZI'S LOFT LLC,03/03/2011
,94103,,249 9TH ST,-122.412373568,,,ZOZI'S LOFT LLC,37.774398977,ZOZI'S LOFT LLC,02/01/2015
8,94107,07/24/2014,350 TOWNSEND ST 405,-122.396317155,5995,,ZULI INC,37.776103454,ZULI INC,01/01/2013
,94107,,461 2ND ST #207,-122.393951521,,,ZULI INC,37.783363981,ZULI INC,07/25/2014
7,94107,03/31/2014,470 BRYANT ST,-122.395260886,7389,,ZUMPER INC,37.781815667,ZUMPER INC,05/31/2012
,94107,,5 FREELON ST,-122.396050978,,,ZUMPER INC,37.779537253,ZUMPER INC,04/01/2014
7,94103,,699 8TH ST,-122.404289793,7389,,ZYNGA INC,37.770393897,ZYNGA INC,10/10/2013
